hazard_id,road_id,road_name,latitude,longitude,hazard_type,severity,depth_cm,area_sqm,confidence_score,reported_at,repair_cost_inr,is_repaired
HZ_0000,RD_036,Road Segment 36,13.135404,80.332414,debris,low,,1.48,0.63,2024-04-03 15:00,8,0
HZ_0001,RD_063,Road Segment 63,13.194622,80.125069,pothole,low,10.9,2.73,0.99,2024-11-02 04:00,134,0
HZ_0002,RD_019,100 Feet Road Vadapalani,13.046336,80.201033,pothole,low,6.0,3.6,0.63,2024-03-11 13:00,115,1
HZ_0003,RD_076,Road Segment 76,13.082031,80.212357,pothole,low,8.7,2.09,0.63,2024-09-26 03:00,139,0
HZ_0004,RD_041,Road Segment 41,13.033248,80.129834,debris,low,,2.06,0.97,2024-06-20 17:00,26,0
HZ_0005,RD_046,Road Segment 46,12.891197,80.229233,speed_breaker,high,,2.57,0.65,2024-05-31 08:00,203,1
HZ_0006,RD_064,Road Segment 64,13.13481,80.140371,waterlogging,low,,3.0,0.79,2024-05-31 20:00,72,0
HZ_0007,RD_010,Outer Ring Road,13.004771,80.149403,pothole,low,9.6,3.65,0.91,2024-09-08 05:00,148,0
HZ_0008,RD_070,Road Segment 70,13.004916,80.389459,pothole,low,23.3,1.07,0.67,2024-03-06 05:00,116,0
HZ_0009,RD_064,Road Segment 64,13.121224,80.142896,pothole,high,2.2,3.48,0.86,2024-05-26 22:00,402,0
HZ_0010,RD_031,Road Segment 31,13.1377,80.356157,speed_breaker,medium,,3.01,0.62,2024-09-06 12:00,130,0
HZ_0011,RD_064,Road Segment 64,13.140548,80.127721,pothole,low,1.1,2.13,0.85,2024-11-03 02:00,123,0
HZ_0012,RD_016,Patel Road T Nagar,13.034544,80.235755,pothole,low,3.8,2.66,0.93,2024-11-05 14:00,116,0
HZ_0013,RD_044,Road Segment 44,13.18512,80.357894,oil_spill,low,,1.05,0.87,2024-09-09 11:00,71,0
HZ_0014,RD_014,Nungambakkam High Road,13.051573,80.238272,waterlogging,low,,0.17,0.86,2024-07-04 01:00,78,0
HZ_0015,RD_010,Outer Ring Road,13.003103,80.151027,waterlogging,low,,0.35,0.87,2024-04-18 16:00,126,0
HZ_0016,RD_016,Patel Road T Nagar,13.038543,80.225833,speed_breaker,low,,2.35,0.78,2024-03-20 00:00,70,0
HZ_0017,RD_052,Road Segment 52,13.023332,80.112248,pothole,low,6.0,3.84,0.77,2024-09-19 03:00,85,0
HZ_0018,RD_032,Road Segment 32,13.074922,80.206651,pothole,high,8.3,1.76,0.97,2024-11-12 05:00,426,1
HZ_0019,RD_056,Road Segment 56,13.011859,80.170405,pothole,low,22.5,1.29,0.89,2024-01-06 09:00,109,0
HZ_0020,RD_048,Road Segment 48,13.163356,80.192831,pothole,low,20.2,0.29,0.98,2024-04-28 03:00,106,0
HZ_0021,RD_044,Road Segment 44,13.190262,80.36452,pothole,medium,11.6,1.03,0.79,2024-08-21 16:00,192,1
HZ_0022,RD_049,Road Segment 49,13.118404,80.258132,pothole,medium,19.7,3.13,0.99,2024-09-28 15:00,193,0
HZ_0023,RD_031,Road Segment 31,13.148237,80.346899,road_collapse,medium,,3.02,0.78,2024-08-30 14:00,550,1
HZ_0024,RD_007,Poonamallee High Road,13.041433,80.153802,debris,low,,1.72,0.73,2024-11-11 09:00,19,0
HZ_0025,RD_030,Road Segment 30,13.096275,80.110606,speed_breaker,low,,3.83,0.84,2024-01-27 21:00,21,0
HZ_0026,RD_009,Inner Ring Road,13.026935,80.202442,waterlogging,medium,,3.22,0.91,2024-12-04 11:00,223,0
HZ_0027,RD_073,Road Segment 73,12.884299,80.15394,road_crack,low,,0.91,0.9,2024-03-17 05:00,72,0
HZ_0028,RD_062,Road Segment 62,12.972396,80.223232,speed_breaker,medium,,3.6,0.9,2024-11-22 14:00,85,0
HZ_0029,RD_055,Road Segment 55,12.991368,80.299934,speed_breaker,medium,,3.62,0.83,2024-07-03 12:00,115,1
HZ_0030,RD_045,Road Segment 45,12.890947,80.365209,speed_breaker,high,,0.11,0.74,2024-05-02 08:00,219,1
HZ_0031,RD_052,Road Segment 52,13.030706,80.115515,road_crack,low,,1.64,0.88,2024-06-26 11:00,73,1
HZ_0032,RD_008,Grand Southern Trunk Road,12.970612,80.116565,pothole,low,9.4,3.14,0.77,2024-04-01 18:00,127,0
HZ_0033,RD_065,Road Segment 65,13.009796,80.226253,speed_breaker,high,,1.67,0.74,2024-04-03 01:00,234,0
HZ_0034,RD_034,Road Segment 34,12.914686,80.317411,pothole,medium,14.8,2.91,0.75,2024-03-15 14:00,242,0
HZ_0035,RD_079,Road Segment 79,12.917478,80.177472,road_crack,medium,,3.98,0.82,2024-04-29 22:00,155,0
HZ_0036,RD_073,Road Segment 73,12.881063,80.156517,pothole,medium,14.7,2.34,0.8,2024-04-18 12:00,240,1
HZ_0037,RD_058,Road Segment 58,13.097964,80.115908,road_crack,low,,1.72,0.96,2024-04-15 10:00,85,0
HZ_0038,RD_069,Road Segment 69,12.979904,80.395419,pothole,high,21.6,2.19,0.86,2024-04-29 17:00,428,0
HZ_0039,RD_003,OMR (Old Mahabalipuram Road),12.911401,80.229539,pothole,high,20.6,1.08,0.64,2024-12-20 03:00,390,0
HZ_0040,RD_052,Road Segment 52,13.025181,80.126431,debris,low,,3.46,0.94,2024-05-12 08:00,58,0
HZ_0041,RD_019,100 Feet Road Vadapalani,13.055735,80.20921,pothole,low,22.5,2.83,0.96,2024-07-01 20:00,121,0
HZ_0042,RD_027,Road Segment 27,12.881349,80.129804,pothole,medium,22.1,3.34,0.94,2024-02-03 01:00,183,0
HZ_0043,RD_027,Road Segment 27,12.886583,80.129676,pothole,medium,12.3,0.93,0.94,2024-10-24 10:00,185,0
HZ_0044,RD_058,Road Segment 58,13.097306,80.117925,pothole,low,21.3,2.73,0.9,2024-12-13 06:00,120,0
HZ_0045,RD_055,Road Segment 55,12.997521,80.297623,pothole,low,2.3,2.86,0.7,2024-05-01 05:00,119,0
HZ_0046,RD_061,Road Segment 61,13.121332,80.152562,pothole,low,2.5,1.88,0.76,2024-10-10 15:00,113,0
HZ_0047,RD_055,Road Segment 55,12.993569,80.293724,pothole,medium,7.7,1.24,0.93,2024-09-27 04:00,204,0
HZ_0048,RD_002,GST Road,12.969948,80.189777,pothole,medium,12.3,3.57,0.93,2024-01-13 18:00,234,1
HZ_0049,RD_024,Road Segment 24,12.862973,80.157512,speed_breaker,medium,,1.95,0.97,2024-11-14 03:00,142,1
HZ_0050,RD_028,Road Segment 28,13.129753,80.319798,road_crack,medium,,1.61,0.68,2024-07-26 07:00,131,0
HZ_0051,RD_058,Road Segment 58,13.098197,80.122135,debris,medium,,3.13,0.66,2024-10-16 12:00,61,0
HZ_0052,RD_070,Road Segment 70,12.995616,80.389284,road_crack,low,,3.95,0.66,2024-12-16 17:00,42,1
HZ_0053,RD_036,Road Segment 36,13.148616,80.32576,speed_breaker,low,,1.0,0.76,2024-04-12 05:00,50,1
HZ_0054,RD_061,Road Segment 61,13.122351,80.150741,pothole,medium,20.7,1.11,0.95,2024-07-19 21:00,204,1
HZ_0055,RD_063,Road Segment 63,13.201312,80.122105,pothole,medium,5.8,3.1,0.94,2024-06-03 07:00,245,0
HZ_0056,RD_008,Grand Southern Trunk Road,12.977144,80.106505,waterlogging,high,,0.85,0.77,2024-04-25 11:00,342,1
HZ_0057,RD_048,Road Segment 48,13.159846,80.194148,waterlogging,medium,,1.83,0.82,2024-08-26 14:00,232,0
HZ_0058,RD_006,Rajiv Gandhi Salai (IT Corridor),12.966761,80.239115,pothole,medium,15.8,0.68,0.91,2024-09-16 00:00,212,0
HZ_0059,RD_062,Road Segment 62,12.972532,80.227785,pothole,medium,7.7,2.9,0.94,2024-02-14 11:00,239,0
HZ_0060,RD_055,Road Segment 55,12.995873,80.294863,debris,low,,0.46,0.89,2024-09-25 06:00,0,0
HZ_0061,RD_026,Road Segment 26,12.992861,80.187796,road_crack,medium,,2.25,0.85,2024-07-11 03:00,152,0
HZ_0062,RD_018,LB Road Adyar,13.002586,80.261578,speed_breaker,medium,,0.6,0.75,2024-12-21 05:00,103,0
HZ_0063,RD_033,Road Segment 33,13.082716,80.3142,road_crack,high,,3.73,0.75,2024-01-07 03:00,236,0
HZ_0064,RD_053,Road Segment 53,13.018145,80.266902,road_crack,medium,,1.15,0.98,2024-10-23 02:00,163,0
HZ_0065,RD_051,Road Segment 51,12.867465,80.361617,pothole,medium,24.9,2.85,0.62,2024-03-01 11:00,236,0
HZ_0066,RD_042,Road Segment 42,13.063914,80.330768,pothole,medium,17.7,1.8,0.79,2024-04-21 05:00,237,1
HZ_0067,RD_062,Road Segment 62,12.972669,80.222582,debris,medium,,1.74,0.78,2024-11-11 00:00,95,0
HZ_0068,RD_079,Road Segment 79,12.914339,80.180231,road_crack,low,,1.59,0.99,2024-04-22 13:00,84,1
HZ_0069,RD_080,Road Segment 80,12.973212,80.144853,pothole,low,9.4,3.1,0.81,2024-02-13 10:00,106,0
HZ_0070,RD_028,Road Segment 28,13.129213,80.321913,speed_breaker,low,,2.33,0.94,2024-08-05 00:00,76,0
HZ_0071,RD_006,Rajiv Gandhi Salai (IT Corridor),12.954745,80.241877,debris,low,,1.57,0.82,2024-11-22 19:00,4,1
HZ_0072,RD_069,Road Segment 69,12.987094,80.395357,road_crack,low,,2.5,0.68,2024-04-04 13:00,54,0
HZ_0073,RD_077,Road Segment 77,13.078863,80.18264,pothole,low,2.4,0.68,0.72,2024-11-16 17:00,96,0
HZ_0074,RD_032,Road Segment 32,13.074954,80.212773,debris,low,,2.84,0.73,2024-06-10 06:00,52,0
HZ_0075,RD_060,Road Segment 60,12.895824,80.394142,road_crack,low,,3.01,0.77,2024-03-03 13:00,47,0
HZ_0076,RD_020,Kamarajar Salai Marina,13.061244,80.28059,waterlogging,high,,0.53,0.97,2024-10-18 03:00,344,0
HZ_0077,RD_026,Road Segment 26,12.996403,80.179032,road_crack,high,,1.92,0.61,2024-12-29 03:00,265,0
HZ_0078,RD_072,Road Segment 72,12.86324,80.284057,waterlogging,low,,3.62,0.6,2024-07-20 03:00,110,0
HZ_0079,RD_066,Road Segment 66,13.16327,80.128999,speed_breaker,low,,2.87,0.72,2024-12-21 03:00,69,0
HZ_0080,RD_061,Road Segment 61,13.128555,80.163083,pothole,high,8.4,3.08,0.95,2024-05-26 19:00,441,1
HZ_0081,RD_035,Road Segment 35,12.943028,80.370819,debris,medium,,3.64,0.92,2024-02-07 17:00,98,0
HZ_0082,RD_034,Road Segment 34,12.910892,80.317306,pothole,low,3.0,3.08,0.82,2024-01-03 15:00,113,1
HZ_0083,RD_021,Road Segment 21,13.072879,80.111208,pothole,medium,21.3,1.96,0.92,2024-04-06 04:00,237,1
HZ_0084,RD_039,Road Segment 39,12.896085,80.316227,debris,low,,0.24,0.68,2024-10-07 03:00,61,0
HZ_0085,RD_008,Grand Southern Trunk Road,12.975718,80.109077,speed_breaker,high,,2.78,0.75,2024-05-03 12:00,225,0
HZ_0086,RD_077,Road Segment 77,13.086224,80.176927,pothole,medium,4.7,0.53,0.92,2024-03-29 21:00,211,0
HZ_0087,RD_001,Anna Salai (Mount Road),13.078421,80.254679,speed_breaker,medium,,3.17,0.68,2024-07-14 02:00,144,0
HZ_0088,RD_058,Road Segment 58,13.103546,80.129953,pothole,medium,11.5,2.28,0.71,2024-02-11 11:00,225,1
HZ_0089,RD_049,Road Segment 49,13.123837,80.255855,speed_breaker,high,,2.81,0.83,2024-11-22 00:00,243,1
HZ_0090,RD_051,Road Segment 51,12.864752,80.37393,debris,low,,3.5,0.97,2024-06-25 04:00,0,0
HZ_0091,RD_004,ECR (East Coast Road),12.841826,80.247743,pothole,medium,21.3,3.06,0.73,2024-12-16 17:00,180,0
HZ_0092,RD_010,Outer Ring Road,13.002507,80.152063,road_crack,medium,,2.91,0.66,2024-05-17 19:00,175,0
HZ_0093,RD_029,Road Segment 29,13.051998,80.346614,road_crack,low,,2.87,0.77,2024-08-31 23:00,97,0
HZ_0094,RD_034,Road Segment 34,12.904404,80.321226,pothole,medium,20.1,3.78,0.87,2024-05-27 23:00,209,0
HZ_0095,RD_033,Road Segment 33,13.093148,80.309206,pothole,medium,4.6,2.69,0.71,2024-04-07 14:00,236,1
HZ_0096,RD_007,Poonamallee High Road,13.047521,80.155216,speed_breaker,medium,,2.27,0.65,2024-06-26 00:00,95,1
HZ_0097,RD_074,Road Segment 74,12.988131,80.381147,debris,high,,3.99,0.68,2024-01-02 15:00,150,0
HZ_0098,RD_001,Anna Salai (Mount Road),13.071564,80.243603,debris,high,,1.54,0.87,2024-12-19 18:00,138,0
HZ_0099,RD_024,Road Segment 24,12.861397,80.153061,oil_spill,medium,,0.69,0.86,2024-04-16 13:00,161,0
HZ_0100,RD_071,Road Segment 71,12.951559,80.391729,speed_breaker,medium,,1.85,0.93,2024-06-27 06:00,97,1
HZ_0101,RD_040,Road Segment 40,12.998558,80.272063,road_crack,medium,,2.08,0.65,2024-08-23 19:00,180,0
HZ_0102,RD_002,GST Road,12.971123,80.190106,speed_breaker,low,,0.71,0.87,2024-12-02 21:00,27,1
HZ_0103,RD_067,Road Segment 67,13.195323,80.348049,oil_spill,medium,,2.89,0.72,2024-09-03 01:00,194,0
HZ_0104,RD_066,Road Segment 66,13.151772,80.124008,road_crack,low,,1.21,0.99,2024-02-20 08:00,49,1
HZ_0105,RD_059,Road Segment 59,12.870202,80.174812,pothole,medium,14.1,2.44,0.8,2024-03-12 04:00,187,1
HZ_0106,RD_067,Road Segment 67,13.200855,80.352975,debris,medium,,3.2,0.91,2024-01-22 12:00,94,1
HZ_0107,RD_022,Road Segment 22,12.903853,80.130074,road_crack,low,,0.95,0.94,2024-08-29 22:00,48,0
HZ_0108,RD_056,Road Segment 56,13.010381,80.170278,road_crack,high,,0.61,0.93,2024-08-06 08:00,292,0
HZ_0109,RD_031,Road Segment 31,13.145856,80.365329,pothole,low,9.5,2.64,0.85,2024-01-11 05:00,87,0
HZ_0110,RD_022,Road Segment 22,12.904651,80.133697,road_crack,low,,3.85,0.62,2024-08-10 04:00,33,0
HZ_0111,RD_052,Road Segment 52,13.017726,80.116806,speed_breaker,medium,,1.15,0.97,2024-02-26 13:00,85,0
HZ_0112,RD_055,Road Segment 55,12.99674,80.307402,pothole,medium,4.1,0.82,0.68,2024-07-09 23:00,242,1
HZ_0113,RD_063,Road Segment 63,13.193985,80.12394,road_crack,low,,0.51,0.6,2024-04-25 23:00,42,1
HZ_0114,RD_064,Road Segment 64,13.129611,80.137418,waterlogging,medium,,0.46,0.92,2024-02-24 11:00,201,1
HZ_0115,RD_047,Road Segment 47,13.1574,80.178565,pothole,low,20.4,2.12,0.71,2024-10-15 09:00,124,0
HZ_0116,RD_022,Road Segment 22,12.893215,80.132726,debris,medium,,1.59,0.66,2024-09-18 01:00,120,0
HZ_0117,RD_058,Road Segment 58,13.0992,80.118131,waterlogging,high,,2.3,0.74,2024-04-26 18:00,372,0
HZ_0118,RD_049,Road Segment 49,13.109744,80.256708,road_collapse,medium,,3.32,0.88,2024-09-17 19:00,500,1
HZ_0119,RD_015,Arcot Road,13.057427,80.204029,oil_spill,low,,3.92,0.85,2024-11-14 01:00,87,0
HZ_0120,RD_001,Anna Salai (Mount Road),13.076112,80.257157,road_crack,medium,,2.5,0.82,2024-01-02 03:00,131,1
HZ_0121,RD_022,Road Segment 22,12.898468,80.130119,road_crack,low,,0.3,0.99,2024-03-13 18:00,64,0
HZ_0122,RD_004,ECR (East Coast Road),12.849151,80.251167,road_collapse,medium,,3.02,0.61,2024-10-10 00:00,536,1
HZ_0123,RD_074,Road Segment 74,12.992782,80.382692,speed_breaker,high,,1.46,0.72,2024-10-01 06:00,215,0
HZ_0124,RD_020,Kamarajar Salai Marina,13.052691,80.28524,waterlogging,high,,1.66,0.93,2024-10-08 08:00,363,1
HZ_0125,RD_050,Road Segment 50,13.02516,80.140712,road_crack,low,,1.25,0.8,2024-08-13 04:00,45,0
HZ_0126,RD_049,Road Segment 49,13.110011,80.262371,waterlogging,low,,0.11,0.64,2024-06-29 11:00,106,0
HZ_0127,RD_025,Road Segment 25,13.057311,80.338865,pothole,medium,4.2,0.99,0.82,2024-09-25 05:00,225,1
HZ_0128,RD_070,Road Segment 70,12.995993,80.386196,road_collapse,low,,0.82,0.66,2024-05-06 01:00,201,1
HZ_0129,RD_052,Road Segment 52,13.011729,80.121531,oil_spill,medium,,1.59,0.83,2024-02-20 02:00,158,1
HZ_0130,RD_010,Outer Ring Road,13.000165,80.154591,waterlogging,low,,0.82,0.71,2024-07-21 04:00,122,0
HZ_0131,RD_029,Road Segment 29,13.052122,80.34835,road_crack,high,,2.46,0.77,2024-02-19 11:00,250,0
HZ_0132,RD_055,Road Segment 55,12.991389,80.306941,road_collapse,medium,,0.11,0.73,2024-10-29 11:00,493,1
HZ_0133,RD_051,Road Segment 51,12.864572,80.369076,road_collapse,medium,,2.55,0.72,2024-12-09 04:00,528,0
HZ_0134,RD_014,Nungambakkam High Road,13.057246,80.23514,pothole,high,15.4,2.27,0.7,2024-12-14 23:00,386,1
HZ_0135,RD_044,Road Segment 44,13.186682,80.361595,waterlogging,medium,,3.75,0.87,2024-11-11 11:00,195,1
HZ_0136,RD_009,Inner Ring Road,13.025029,80.206677,waterlogging,medium,,1.52,0.81,2024-11-29 07:00,246,0
HZ_0137,RD_046,Road Segment 46,12.879019,80.231079,pothole,high,22.0,3.36,0.74,2024-09-16 11:00,412,0
HZ_0138,RD_060,Road Segment 60,12.90276,80.381617,road_crack,medium,,2.91,0.78,2024-09-16 11:00,177,0
HZ_0139,RD_033,Road Segment 33,13.08038,80.306094,pothole,low,18.1,0.76,0.94,2024-06-22 18:00,131,0
HZ_0140,RD_042,Road Segment 42,13.074101,80.336577,road_collapse,medium,,2.95,0.82,2024-04-01 20:00,495,0
HZ_0141,RD_060,Road Segment 60,12.892561,80.372506,pothole,low,3.9,2.4,0.94,2024-06-24 12:00,147,0
HZ_0142,RD_044,Road Segment 44,13.183853,80.362168,debris,low,,3.87,0.96,2024-01-14 03:00,17,1
HZ_0143,RD_077,Road Segment 77,13.078768,80.200442,speed_breaker,low,,2.94,0.96,2024-06-11 06:00,29,0
HZ_0144,RD_036,Road Segment 36,13.150457,80.337328,waterlogging,medium,,1.25,0.67,2024-10-31 21:00,181,0
HZ_0145,RD_077,Road Segment 77,13.085797,80.186292,speed_breaker,medium,,3.49,0.81,2024-07-10 04:00,142,0
HZ_0146,RD_080,Road Segment 80,12.985169,80.135464,speed_breaker,medium,,3.24,0.87,2024-01-04 02:00,150,0
HZ_0147,RD_076,Road Segment 76,13.085154,80.194295,pothole,medium,19.9,1.49,0.71,2024-06-30 05:00,227,0
HZ_0148,RD_061,Road Segment 61,13.140244,80.165425,waterlogging,low,,2.32,0.68,2024-11-01 13:00,81,1
HZ_0149,RD_035,Road Segment 35,12.943688,80.37638,road_crack,low,,0.51,0.88,2024-10-19 01:00,47,0
HZ_0150,RD_066,Road Segment 66,13.14359,80.121792,speed_breaker,low,,2.57,0.74,2024-11-09 16:00,31,0
HZ_0151,RD_011,Velachery Main Road,12.985435,80.223957,road_crack,high,,3.76,0.64,2024-10-17 14:00,245,1
HZ_0152,RD_071,Road Segment 71,12.950968,80.393404,pothole,medium,12.9,2.92,0.88,2024-06-17 01:00,241,1
HZ_0153,RD_052,Road Segment 52,13.018998,80.116189,road_crack,high,,3.4,0.88,2024-04-29 19:00,299,0
HZ_0154,RD_042,Road Segment 42,13.065324,80.347119,speed_breaker,high,,2.68,0.63,2024-05-14 11:00,240,1
HZ_0155,RD_023,Road Segment 23,12.862201,80.126516,debris,medium,,0.6,0.75,2024-08-11 00:00,95,1
HZ_0156,RD_024,Road Segment 24,12.863232,80.159258,pothole,medium,14.4,1.49,0.81,2024-04-29 06:00,199,1
HZ_0157,RD_028,Road Segment 28,13.131805,80.308184,speed_breaker,low,,2.06,0.97,2024-11-03 05:00,18,0
HZ_0158,RD_040,Road Segment 40,12.989799,80.279272,pothole,medium,10.3,0.7,0.83,2024-04-30 02:00,221,0
HZ_0159,RD_026,Road Segment 26,12.995701,80.184158,speed_breaker,high,,0.87,0.86,2024-05-12 12:00,210,0
HZ_0160,RD_018,LB Road Adyar,12.995484,80.257989,waterlogging,low,,3.83,0.97,2024-04-20 03:00,65,0
HZ_0161,RD_079,Road Segment 79,12.924603,80.178783,speed_breaker,medium,,2.65,0.63,2024-12-28 12:00,136,1
HZ_0162,RD_058,Road Segment 58,13.096014,80.122103,debris,high,,0.61,0.67,2024-07-05 02:00,156,0
HZ_0163,RD_076,Road Segment 76,13.083248,80.193694,waterlogging,low,,2.66,0.95,2024-05-22 14:00,118,0
HZ_0164,RD_020,Kamarajar Salai Marina,13.069027,80.285812,debris,medium,,3.61,0.89,2024-03-13 06:00,116,0
HZ_0165,RD_073,Road Segment 73,12.871352,80.15882,debris,medium,,1.49,0.77,2024-01-25 19:00,72,1
HZ_0166,RD_062,Road Segment 62,12.97565,80.236419,pothole,low,9.1,0.45,0.92,2024-11-18 11:00,113,0
HZ_0167,RD_002,GST Road,12.966476,80.191941,road_crack,medium,,0.72,0.96,2024-10-29 10:00,151,1
HZ_0168,RD_054,Road Segment 54,12.992806,80.160919,road_crack,low,,2.26,0.65,2024-12-02 23:00,41,0
HZ_0169,RD_077,Road Segment 77,13.089371,80.184177,road_collapse,low,,2.57,0.75,2024-08-17 22:00,204,1
HZ_0170,RD_060,Road Segment 60,12.900846,80.386166,waterlogging,medium,,0.8,0.61,2024-12-08 14:00,217,0
HZ_0171,RD_060,Road Segment 60,12.897767,80.379727,pothole,low,21.4,0.82,0.76,2024-08-02 05:00,145,0
HZ_0172,RD_062,Road Segment 62,12.970077,80.215947,pothole,medium,10.3,0.34,0.66,2024-07-13 20:00,238,0
HZ_0173,RD_068,Road Segment 68,13.003416,80.248409,road_crack,low,,1.64,0.93,2024-01-23 05:00,30,0
HZ_0174,RD_073,Road Segment 73,12.877064,80.153069,pothole,high,8.2,1.87,0.74,2024-11-08 01:00,415,0
HZ_0175,RD_017,Usman Road T Nagar,13.044506,80.23156,pothole,low,11.7,1.67,0.83,2024-12-31 02:00,129,1
HZ_0176,RD_007,Poonamallee High Road,13.062627,80.146943,waterlogging,medium,,3.83,0.68,2024-02-21 15:00,239,1
HZ_0177,RD_041,Road Segment 41,13.025543,80.125295,road_crack,high,,3.09,0.98,2024-05-18 01:00,296,0
HZ_0178,RD_080,Road Segment 80,12.973872,80.137943,pothole,low,20.6,3.89,0.95,2024-06-20 06:00,119,0
HZ_0179,RD_062,Road Segment 62,12.986048,80.228254,pothole,medium,24.9,2.89,0.78,2024-08-07 01:00,198,0
HZ_0180,RD_016,Patel Road T Nagar,13.029974,80.231054,oil_spill,medium,,3.74,0.65,2024-04-07 11:00,137,0
HZ_0181,RD_062,Road Segment 62,12.970699,80.227269,debris,medium,,1.95,0.66,2024-11-13 18:00,119,1
HZ_0182,RD_066,Road Segment 66,13.154391,80.12475,waterlogging,low,,2.27,0.63,2024-05-12 11:00,124,0
HZ_0183,RD_041,Road Segment 41,13.022985,80.128896,debris,medium,,2.23,0.91,2024-02-12 19:00,86,1
HZ_0184,RD_060,Road Segment 60,12.895915,80.381396,road_crack,low,,2.06,0.72,2024-09-11 01:00,53,1
HZ_0185,RD_031,Road Segment 31,13.148718,80.358737,pothole,medium,14.4,0.79,0.71,2024-10-11 13:00,220,0
HZ_0186,RD_068,Road Segment 68,12.989255,80.24383,pothole,high,4.5,3.48,0.6,2024-05-26 06:00,389,0
HZ_0187,RD_034,Road Segment 34,12.906935,80.317076,debris,high,,1.89,0.62,2024-09-19 20:00,170,0
HZ_0188,RD_003,OMR (Old Mahabalipuram Road),12.920852,80.227908,speed_breaker,low,,2.35,0.61,2024-09-10 05:00,68,0
HZ_0189,RD_066,Road Segment 66,13.15144,80.116933,debris,medium,,1.91,0.74,2024-10-11 04:00,105,1
HZ_0190,RD_024,Road Segment 24,12.860875,80.154262,pothole,medium,8.6,3.95,0.77,2024-05-20 19:00,211,1
HZ_0191,RD_029,Road Segment 29,13.044411,80.34837,pothole,medium,9.2,2.89,0.77,2024-11-22 07:00,236,0
HZ_0192,RD_005,NH-16 (Chennai-Kolkata Highway),13.147799,80.27523,pothole,high,22.6,3.77,0.75,2024-06-09 02:00,441,0
HZ_0193,RD_012,Sardar Patel Road,13.005686,80.22587,pothole,medium,5.6,0.53,0.83,2024-10-12 03:00,241,0
HZ_0194,RD_056,Road Segment 56,13.015585,80.17334,road_collapse,medium,,2.64,0.71,2024-07-18 06:00,498,0
HZ_0195,RD_052,Road Segment 52,13.026933,80.11742,waterlogging,low,,1.94,0.79,2024-01-08 05:00,80,0
HZ_0196,RD_078,Road Segment 78,13.013533,80.404997,road_crack,high,,1.3,0.62,2024-04-27 15:00,295,1
HZ_0197,RD_043,Road Segment 43,12.98291,80.280117,road_crack,low,,0.52,0.61,2024-12-19 15:00,41,0
HZ_0198,RD_031,Road Segment 31,13.143076,80.360832,pothole,medium,24.2,1.45,0.66,2024-06-17 04:00,191,0
HZ_0199,RD_035,Road Segment 35,12.9432,80.37475,debris,medium,,1.89,0.74,2024-06-17 22:00,115,0
HZ_0200,RD_039,Road Segment 39,12.896472,80.334303,road_collapse,low,,1.06,0.78,2024-04-05 22:00,238,0
HZ_0201,RD_080,Road Segment 80,12.986284,80.14996,road_collapse,medium,,3.67,0.66,2024-05-28 11:00,542,0
HZ_0202,RD_033,Road Segment 33,13.08535,80.307622,debris,low,,2.52,0.6,2024-04-06 19:00,33,1
HZ_0203,RD_045,Road Segment 45,12.89637,80.357452,road_crack,low,,0.97,0.73,2024-01-20 21:00,46,0
HZ_0204,RD_002,GST Road,12.970389,80.183614,pothole,medium,23.9,1.14,0.98,2024-07-22 03:00,231,0
HZ_0205,RD_023,Road Segment 23,12.862349,80.121897,pothole,medium,4.6,0.52,0.74,2024-01-11 01:00,243,0
HZ_0206,RD_076,Road Segment 76,13.077956,80.198591,pothole,high,22.2,0.47,0.85,2024-02-26 10:00,435,0
HZ_0207,RD_007,Poonamallee High Road,13.056583,80.151467,debris,low,,2.63,0.87,2024-04-12 22:00,24,1
HZ_0208,RD_019,100 Feet Road Vadapalani,13.0485,80.199116,road_crack,medium,,3.38,0.88,2024-05-29 23:00,193,0
HZ_0209,RD_053,Road Segment 53,13.01834,80.263743,road_crack,low,,3.85,0.78,2024-12-27 02:00,64,0
HZ_0210,RD_007,Poonamallee High Road,13.048531,80.15188,pothole,high,6.2,2.83,0.6,2024-10-29 14:00,406,1
HZ_0211,RD_078,Road Segment 78,13.01284,80.398412,pothole,low,9.8,1.68,0.91,2024-06-24 13:00,93,0
HZ_0212,RD_048,Road Segment 48,13.160786,80.184337,pothole,low,14.8,2.87,0.99,2024-10-18 14:00,144,0
HZ_0213,RD_054,Road Segment 54,13.00279,80.156916,debris,medium,,1.59,0.65,2024-01-16 20:00,119,0
HZ_0214,RD_015,Arcot Road,13.052878,80.208086,pothole,low,23.5,2.6,0.6,2024-05-19 05:00,137,1
HZ_0215,RD_076,Road Segment 76,13.082488,80.19863,waterlogging,medium,,1.89,0.75,2024-11-01 19:00,240,0
HZ_0216,RD_011,Velachery Main Road,12.981256,80.218466,pothole,medium,23.5,1.85,0.75,2024-04-13 05:00,222,0
HZ_0217,RD_002,GST Road,12.966658,80.193097,road_crack,low,,1.32,0.92,2024-02-14 11:00,42,1
HZ_0218,RD_042,Road Segment 42,13.069613,80.336329,debris,medium,,2.97,0.75,2024-07-17 14:00,68,1
HZ_0219,RD_064,Road Segment 64,13.133277,80.128385,road_crack,low,,0.83,0.8,2024-01-31 21:00,36,0
HZ_0220,RD_036,Road Segment 36,13.14991,80.329962,speed_breaker,medium,,1.38,0.92,2024-08-22 00:00,132,1
HZ_0221,RD_018,LB Road Adyar,13.002426,80.253141,road_collapse,low,,3.96,0.96,2024-08-08 09:00,189,0
HZ_0222,RD_046,Road Segment 46,12.896051,80.215357,road_crack,high,,2.24,0.86,2024-04-01 22:00,262,0
HZ_0223,RD_022,Road Segment 22,12.899062,80.139387,pothole,high,8.8,1.99,0.85,2024-03-14 00:00,418,1
HZ_0224,RD_076,Road Segment 76,13.087996,80.196724,road_crack,medium,,1.29,0.9,2024-02-04 20:00,148,0
HZ_0225,RD_074,Road Segment 74,12.986293,80.389315,debris,low,,2.94,0.65,2024-10-09 19:00,6,0
HZ_0226,RD_060,Road Segment 60,12.899639,80.383404,pothole,low,21.5,3.46,0.89,2024-04-12 01:00,102,0
HZ_0227,RD_030,Road Segment 30,13.095671,80.108242,debris,low,,1.01,0.86,2024-12-24 09:00,58,0
HZ_0228,RD_048,Road Segment 48,13.16168,80.184977,road_crack,medium,,2.94,0.73,2024-12-05 21:00,197,0
HZ_0229,RD_075,Road Segment 75,12.870116,80.133802,road_crack,high,,0.33,0.94,2024-05-10 10:00,262,1
HZ_0230,RD_015,Arcot Road,13.053378,80.213108,speed_breaker,low,,1.75,0.62,2024-01-06 03:00,67,0
HZ_0231,RD_014,Nungambakkam High Road,13.061186,80.244168,pothole,low,8.5,3.21,0.6,2024-02-20 08:00,143,0
HZ_0232,RD_079,Road Segment 79,12.930272,80.174094,speed_breaker,low,,3.34,0.67,2024-06-13 18:00,68,1
HZ_0233,RD_058,Road Segment 58,13.094858,80.117025,speed_breaker,low,,2.29,0.85,2024-08-23 03:00,76,0
HZ_0234,RD_006,Rajiv Gandhi Salai (IT Corridor),12.950857,80.237822,pothole,medium,8.8,1.57,0.61,2024-07-23 09:00,216,0
HZ_0235,RD_015,Arcot Road,13.049363,80.211703,road_collapse,low,,2.4,0.91,2024-05-14 08:00,224,0
HZ_0236,RD_013,Cathedral Road,13.062554,80.255586,pothole,high,6.7,2.86,0.81,2024-04-20 00:00,449,0
HZ_0237,RD_080,Road Segment 80,12.981104,80.141079,road_crack,medium,,0.88,0.62,2024-09-14 20:00,133,0
HZ_0238,RD_074,Road Segment 74,12.9941,80.378684,pothole,medium,17.2,2.73,0.86,2024-06-24 17:00,231,0
HZ_0239,RD_031,Road Segment 31,13.156301,80.358249,pothole,low,20.3,3.27,0.97,2024-07-15 10:00,108,0
HZ_0240,RD_044,Road Segment 44,13.191324,80.363228,speed_breaker,medium,,2.82,0.89,2024-03-30 10:00,93,0
HZ_0241,RD_079,Road Segment 79,12.924774,80.18844,pothole,medium,3.7,3.86,0.9,2024-05-03 05:00,239,1
HZ_0242,RD_038,Road Segment 38,13.028793,80.365174,pothole,medium,3.1,0.98,0.77,2024-10-23 15:00,197,0
HZ_0243,RD_068,Road Segment 68,12.991284,80.243112,waterlogging,low,,3.86,0.68,2024-11-10 01:00,114,1
HZ_0244,RD_047,Road Segment 47,13.159771,80.184573,road_collapse,medium,,0.43,0.98,2024-10-30 20:00,533,1
HZ_0245,RD_071,Road Segment 71,12.954737,80.38759,pothole,medium,19.6,3.67,0.61,2024-01-15 03:00,194,0
HZ_0246,RD_022,Road Segment 22,12.889121,80.125215,waterlogging,high,,0.95,0.78,2024-07-06 20:00,398,0
HZ_0247,RD_046,Road Segment 46,12.887921,80.233633,debris,medium,,1.14,0.72,2024-11-06 23:00,103,0
HZ_0248,RD_037,Road Segment 37,12.984679,80.121974,waterlogging,high,,2.39,0.88,2024-07-07 03:00,390,1
HZ_0249,RD_046,Road Segment 46,12.886267,80.228773,pothole,high,6.1,3.12,0.66,2024-06-21 05:00,439,1
HZ_0250,RD_057,Road Segment 57,13.049598,80.164734,road_collapse,low,,1.68,0.63,2024-10-28 11:00,200,0
HZ_0251,RD_073,Road Segment 73,12.883793,80.159234,road_crack,high,,3.86,0.94,2024-02-04 00:00,292,0
HZ_0252,RD_079,Road Segment 79,12.928041,80.170923,waterlogging,low,,2.08,0.61,2024-11-28 22:00,120,0
HZ_0253,RD_067,Road Segment 67,13.199839,80.34806,pothole,high,3.2,0.53,0.82,2024-02-29 09:00,446,0
HZ_0254,RD_020,Kamarajar Salai Marina,13.05451,80.285166,road_crack,low,,2.23,0.65,2024-10-03 04:00,62,1
HZ_0255,RD_039,Road Segment 39,12.901305,80.320642,waterlogging,medium,,0.71,0.85,2024-12-20 00:00,183,0
HZ_0256,RD_036,Road Segment 36,13.151486,80.346935,speed_breaker,low,,0.42,0.67,2024-08-13 23:00,38,0
HZ_0257,RD_010,Outer Ring Road,12.995728,80.144219,waterlogging,low,,3.22,0.68,2024-08-06 19:00,68,0
HZ_0258,RD_001,Anna Salai (Mount Road),13.063277,80.24774,pothole,medium,14.7,2.53,0.68,2024-04-09 18:00,228,0
HZ_0259,RD_025,Road Segment 25,13.057018,80.348829,debris,high,,0.44,0.86,2024-05-03 05:00,131,0
HZ_0260,RD_045,Road Segment 45,12.899365,80.370229,speed_breaker,low,,2.44,0.81,2024-07-07 00:00,23,1
HZ_0261,RD_074,Road Segment 74,12.997903,80.380346,pothole,low,21.7,2.8,0.96,2024-03-02 13:00,141,1
HZ_0262,RD_035,Road Segment 35,12.954109,80.378485,debris,medium,,0.95,0.63,2024-07-14 17:00,81,0
HZ_0263,RD_024,Road Segment 24,12.854673,80.151893,pothole,low,2.3,1.53,0.62,2024-02-28 20:00,127,0
HZ_0264,RD_005,NH-16 (Chennai-Kolkata Highway),13.155547,80.28072,pothole,medium,14.3,2.64,0.77,2024-07-25 23:00,223,1
HZ_0265,RD_001,Anna Salai (Mount Road),13.071253,80.261027,pothole,low,11.8,2.92,0.66,2024-04-06 14:00,81,0
HZ_0266,RD_035,Road Segment 35,12.939913,80.382527,pothole,low,14.3,3.25,0.69,2024-01-02 03:00,138,0
HZ_0267,RD_080,Road Segment 80,12.973832,80.142568,pothole,medium,5.1,3.62,0.62,2024-03-16 09:00,212,0
HZ_0268,RD_067,Road Segment 67,13.200777,80.357555,debris,high,,1.1,0.92,2024-04-10 00:00,157,0
HZ_0269,RD_073,Road Segment 73,12.882835,80.158335,debris,low,,1.9,0.96,2024-04-01 07:00,32,0
HZ_0270,RD_070,Road Segment 70,12.995391,80.390314,waterlogging,low,,2.16,0.7,2024-01-30 02:00,104,0
HZ_0271,RD_078,Road Segment 78,13.013965,80.401717,speed_breaker,medium,,2.46,0.94,2024-11-05 05:00,117,0
HZ_0272,RD_065,Road Segment 65,13.006428,80.228352,road_crack,high,,3.42,0.96,2024-08-31 12:00,284,0
HZ_0273,RD_001,Anna Salai (Mount Road),13.061431,80.253044,waterlogging,high,,1.64,0.94,2024-08-12 23:00,387,1
HZ_0274,RD_059,Road Segment 59,12.873451,80.165179,debris,low,,1.82,0.81,2024-09-14 12:00,28,0
HZ_0275,RD_011,Velachery Main Road,12.982583,80.211309,waterlogging,low,,2.36,0.7,2024-06-18 19:00,79,1
HZ_0276,RD_022,Road Segment 22,12.902135,80.127702,speed_breaker,low,,0.59,0.72,2024-09-05 20:00,58,0
HZ_0277,RD_010,Outer Ring Road,12.993125,80.142683,speed_breaker,low,,3.77,0.71,2024-03-20 23:00,17,1
HZ_0278,RD_029,Road Segment 29,13.045256,80.347346,pothole,low,7.6,1.2,0.95,2024-11-19 05:00,137,0
HZ_0279,RD_063,Road Segment 63,13.19259,80.134476,pothole,low,21.8,0.88,0.76,2024-02-01 21:00,92,0
HZ_0280,RD_080,Road Segment 80,12.975884,80.153255,road_crack,medium,,2.64,0.66,2024-11-26 01:00,200,0
HZ_0281,RD_046,Road Segment 46,12.893283,80.226543,pothole,medium,6.4,3.2,0.97,2024-07-12 05:00,222,0
HZ_0282,RD_080,Road Segment 80,12.972275,80.148849,road_crack,medium,,0.68,0.93,2024-02-24 13:00,154,0
HZ_0283,RD_048,Road Segment 48,13.144852,80.184191,pothole,medium,6.2,1.18,0.82,2024-04-14 17:00,217,0
HZ_0284,RD_024,Road Segment 24,12.856374,80.163451,pothole,high,17.9,0.95,0.77,2024-01-31 10:00,412,0
HZ_0285,RD_079,Road Segment 79,12.924061,80.18343,waterlogging,low,,1.58,0.83,2024-03-23 15:00,96,0
HZ_0286,RD_014,Nungambakkam High Road,13.062436,80.245787,pothole,medium,14.3,1.61,0.86,2024-08-10 15:00,218,0
HZ_0287,RD_045,Road Segment 45,12.891269,80.361849,pothole,high,2.0,3.92,0.79,2024-02-25 01:00,422,0
HZ_0288,RD_027,Road Segment 27,12.882368,80.117838,pothole,medium,17.6,1.92,0.98,2024-05-28 21:00,194,1
HZ_0289,RD_012,Sardar Patel Road,13.013152,80.217757,speed_breaker,low,,3.69,0.97,2024-08-10 01:00,59,1
HZ_0290,RD_031,Road Segment 31,13.141554,80.365185,speed_breaker,low,,3.41,0.73,2024-07-07 12:00,57,0
HZ_0291,RD_041,Road Segment 41,13.023093,80.130723,pothole,low,13.3,2.44,0.85,2024-08-19 15:00,95,1
HZ_0292,RD_029,Road Segment 29,13.047701,80.349586,debris,medium,,0.42,0.75,2024-12-31 01:00,84,0
HZ_0293,RD_036,Road Segment 36,13.141178,80.328878,pothole,medium,21.8,0.39,0.62,2024-07-21 02:00,249,1
HZ_0294,RD_010,Outer Ring Road,13.00026,80.160142,pothole,low,19.4,2.82,0.62,2024-01-14 08:00,139,0
HZ_0295,RD_040,Road Segment 40,12.993798,80.26922,debris,high,,1.49,0.91,2024-05-11 20:00,147,0
HZ_0296,RD_039,Road Segment 39,12.901595,80.326289,road_crack,medium,,0.81,0.68,2024-02-07 19:00,146,1
HZ_0297,RD_072,Road Segment 72,12.857231,80.275111,pothole,low,15.0,2.84,0.79,2024-06-16 00:00,143,0
HZ_0298,RD_016,Patel Road T Nagar,13.035577,80.23798,pothole,low,17.3,3.28,0.99,2024-10-26 10:00,108,1
HZ_0299,RD_022,Road Segment 22,12.901809,80.130949,road_collapse,low,,0.83,0.7,2024-09-28 22:00,230,0
HZ_0300,RD_036,Road Segment 36,13.139426,80.335218,pothole,medium,15.3,1.98,0.88,2024-08-17 03:00,240,1
HZ_0301,RD_009,Inner Ring Road,13.020111,80.205028,debris,medium,,0.79,0.67,2024-08-08 23:00,118,0
HZ_0302,RD_013,Cathedral Road,13.052642,80.247405,pothole,low,14.0,0.36,0.63,2024-11-04 16:00,89,0
HZ_0303,RD_002,GST Road,12.965465,80.19159,debris,low,,2.76,0.85,2024-07-07 00:00,61,1
HZ_0304,RD_004,ECR (East Coast Road),12.846951,80.248623,road_crack,medium,,3.41,0.89,2024-11-08 12:00,186,0
HZ_0305,RD_037,Road Segment 37,12.990168,80.129686,debris,medium,,2.41,0.75,2024-05-07 09:00,111,0
HZ_0306,RD_040,Road Segment 40,13.003402,80.271652,road_crack,high,,0.62,0.78,2024-06-02 12:00,276,0
HZ_0307,RD_007,Poonamallee High Road,13.058287,80.155458,speed_breaker,low,,2.15,0.95,2024-03-31 17:00,51,1
HZ_0308,RD_076,Road Segment 76,13.080685,80.191219,speed_breaker,medium,,0.26,0.85,2024-12-29 18:00,98,1
HZ_0309,RD_032,Road Segment 32,13.073841,80.205256,road_crack,low,,1.81,0.67,2024-02-12 18:00,62,0
HZ_0310,RD_026,Road Segment 26,12.995811,80.180262,road_crack,low,,0.54,0.98,2024-10-13 00:00,74,1
HZ_0311,RD_025,Road Segment 25,13.069434,80.341764,speed_breaker,medium,,3.24,0.96,2024-12-24 05:00,93,1
HZ_0312,RD_029,Road Segment 29,13.043986,80.340204,road_crack,low,,1.75,0.98,2024-12-14 00:00,97,0
HZ_0313,RD_022,Road Segment 22,12.900104,80.138592,road_crack,medium,,3.64,0.89,2024-10-24 14:00,167,0
HZ_0314,RD_009,Inner Ring Road,13.022484,80.20186,pothole,low,1.7,2.95,0.73,2024-03-23 16:00,124,1
HZ_0315,RD_044,Road Segment 44,13.193387,80.360074,debris,medium,,2.37,0.63,2024-03-12 10:00,64,1
HZ_0316,RD_022,Road Segment 22,12.892408,80.140336,pothole,medium,19.1,1.93,0.98,2024-01-16 08:00,184,0
HZ_0317,RD_019,100 Feet Road Vadapalani,13.051307,80.198077,pothole,medium,22.3,3.55,0.65,2024-08-24 03:00,216,1
HZ_0318,RD_009,Inner Ring Road,13.016381,80.204458,debris,medium,,2.86,0.9,2024-05-28 07:00,89,0
HZ_0319,RD_027,Road Segment 27,12.886397,80.134431,pothole,low,15.5,2.7,0.61,2024-01-20 11:00,122,0
HZ_0320,RD_020,Kamarajar Salai Marina,13.054111,80.269303,pothole,high,5.0,2.43,0.77,2024-05-11 23:00,427,0
HZ_0321,RD_006,Rajiv Gandhi Salai (IT Corridor),12.956048,80.233802,road_crack,low,,1.53,0.86,2024-10-09 04:00,39,1
HZ_0322,RD_025,Road Segment 25,13.055161,80.33946,speed_breaker,high,,3.07,0.81,2024-08-18 04:00,184,0
HZ_0323,RD_046,Road Segment 46,12.883906,80.231388,debris,high,,3.12,0.68,2024-07-16 00:00,155,1
HZ_0324,RD_065,Road Segment 65,13.006333,80.225337,speed_breaker,high,,3.89,0.83,2024-04-10 08:00,248,0
HZ_0325,RD_065,Road Segment 65,13.011812,80.231082,pothole,high,4.3,1.44,0.82,2024-08-02 10:00,414,0
HZ_0326,RD_008,Grand Southern Trunk Road,12.976869,80.116757,speed_breaker,medium,,1.4,0.72,2024-08-18 21:00,145,0
HZ_0327,RD_042,Road Segment 42,13.064733,80.346675,speed_breaker,medium,,3.37,0.86,2024-04-23 20:00,101,0
HZ_0328,RD_008,Grand Southern Trunk Road,12.985709,80.104588,pothole,medium,17.3,2.16,0.62,2024-01-09 18:00,188,0
HZ_0329,RD_049,Road Segment 49,13.116008,80.256866,pothole,medium,15.9,2.1,0.86,2024-07-02 21:00,188,1
HZ_0330,RD_024,Road Segment 24,12.861353,80.172894,road_crack,medium,,0.84,0.76,2024-08-28 08:00,197,1
HZ_0331,RD_035,Road Segment 35,12.945465,80.370526,speed_breaker,medium,,3.36,0.96,2024-04-09 21:00,88,0
HZ_0332,RD_072,Road Segment 72,12.87049,80.277741,waterlogging,medium,,0.47,0.69,2024-10-08 16:00,209,0
HZ_0333,RD_008,Grand Southern Trunk Road,12.985912,80.116168,pothole,medium,5.3,1.28,0.85,2024-09-14 20:00,198,0
HZ_0334,RD_074,Road Segment 74,12.988863,80.394399,road_collapse,low,,2.39,0.86,2024-08-20 18:00,184,0
HZ_0335,RD_045,Road Segment 45,12.891287,80.364289,oil_spill,low,,0.71,0.77,2024-07-18 06:00,31,1
HZ_0336,RD_009,Inner Ring Road,13.021211,80.209226,pothole,high,12.7,1.4,0.62,2024-12-28 22:00,383,0
HZ_0337,RD_058,Road Segment 58,13.102663,80.116106,pothole,medium,4.4,0.97,0.7,2024-12-31 00:00,247,1
HZ_0338,RD_002,GST Road,12.958356,80.186989,speed_breaker,medium,,3.3,0.7,2024-12-19 05:00,120,0
HZ_0339,RD_063,Road Segment 63,13.1915,80.126902,waterlogging,medium,,1.09,0.87,2024-11-27 21:00,249,1
HZ_0340,RD_010,Outer Ring Road,13.011499,80.146427,pothole,medium,6.1,3.4,0.73,2024-07-22 15:00,207,1
HZ_0341,RD_057,Road Segment 57,13.056678,80.167058,debris,high,,3.13,0.87,2024-07-25 14:00,165,0
HZ_0342,RD_075,Road Segment 75,12.861093,80.123425,debris,high,,1.52,0.63,2024-09-01 07:00,194,1
HZ_0343,RD_015,Arcot Road,13.044049,80.213175,pothole,medium,21.1,0.41,0.71,2024-06-16 15:00,211,0
HZ_0344,RD_019,100 Feet Road Vadapalani,13.052401,80.201387,speed_breaker,medium,,0.9,0.7,2024-05-26 20:00,102,0
HZ_0345,RD_077,Road Segment 77,13.091312,80.195288,road_crack,medium,,3.93,0.76,2024-01-03 09:00,162,0
HZ_0346,RD_064,Road Segment 64,13.126609,80.134122,debris,high,,1.14,0.75,2024-04-18 22:00,151,0
HZ_0347,RD_016,Patel Road T Nagar,13.041474,80.235776,speed_breaker,high,,2.52,0.62,2024-11-15 05:00,222,0
HZ_0348,RD_014,Nungambakkam High Road,13.05699,80.242625,pothole,low,24.6,3.97,0.65,2024-03-12 11:00,124,0
HZ_0349,RD_012,Sardar Patel Road,13.000708,80.211034,road_collapse,high,,0.84,0.64,2024-12-27 23:00,810,0
HZ_0350,RD_037,Road Segment 37,12.987791,80.118976,oil_spill,medium,,0.31,0.9,2024-12-08 04:00,175,0
HZ_0351,RD_009,Inner Ring Road,13.025279,80.214905,pothole,medium,22.4,3.07,0.78,2024-12-29 12:00,245,0
HZ_0352,RD_040,Road Segment 40,13.000775,80.278343,road_crack,low,,0.74,0.96,2024-06-07 11:00,76,0
HZ_0353,RD_016,Patel Road T Nagar,13.037437,80.232578,road_crack,medium,,0.38,0.75,2024-03-03 10:00,178,0
HZ_0354,RD_035,Road Segment 35,12.945567,80.383184,pothole,low,19.6,2.49,0.85,2024-12-11 13:00,116,0
HZ_0355,RD_003,OMR (Old Mahabalipuram Road),12.915914,80.231418,pothole,low,4.5,1.01,0.9,2024-08-03 22:00,92,0
HZ_0356,RD_026,Road Segment 26,12.998676,80.180237,speed_breaker,low,,3.19,0.93,2024-03-24 23:00,23,0
HZ_0357,RD_001,Anna Salai (Mount Road),13.065452,80.24984,road_crack,high,,3.61,0.75,2024-04-27 19:00,247,0
HZ_0358,RD_065,Road Segment 65,12.998961,80.224213,road_crack,medium,,1.17,0.9,2024-12-02 11:00,198,0
HZ_0359,RD_010,Outer Ring Road,13.006424,80.152451,debris,high,,0.18,0.99,2024-03-24 18:00,195,0
HZ_0360,RD_072,Road Segment 72,12.873697,80.280446,pothole,low,5.7,0.61,0.76,2024-02-01 13:00,81,1
HZ_0361,RD_073,Road Segment 73,12.876189,80.1503,road_crack,medium,,0.9,0.99,2024-06-22 07:00,199,1
HZ_0362,RD_003,OMR (Old Mahabalipuram Road),12.918696,80.22911,road_crack,medium,,3.33,0.67,2024-08-06 23:00,131,0
HZ_0363,RD_059,Road Segment 59,12.87779,80.166103,oil_spill,high,,0.52,0.87,2024-08-07 09:00,283,0
HZ_0364,RD_037,Road Segment 37,12.991646,80.122352,pothole,low,12.7,3.68,0.94,2024-07-31 09:00,140,0
HZ_0365,RD_062,Road Segment 62,12.978131,80.219752,pothole,low,15.8,0.82,0.97,2024-12-16 05:00,109,1
HZ_0366,RD_004,ECR (East Coast Road),12.851741,80.251014,pothole,medium,19.5,1.23,0.84,2024-07-25 06:00,250,1
HZ_0367,RD_014,Nungambakkam High Road,13.051966,80.241818,pothole,low,8.5,1.6,0.94,2024-02-19 18:00,96,0
HZ_0368,RD_059,Road Segment 59,12.882796,80.158578,debris,medium,,1.89,0.78,2024-10-11 10:00,65,0
HZ_0369,RD_060,Road Segment 60,12.888425,80.38069,pothole,medium,23.0,1.99,0.94,2024-03-29 02:00,206,0
HZ_0370,RD_051,Road Segment 51,12.874395,80.373235,pothole,low,7.7,3.95,0.98,2024-09-01 09:00,132,0
HZ_0371,RD_038,Road Segment 38,13.027979,80.364851,waterlogging,high,,0.71,0.95,2024-04-29 12:00,369,0
HZ_0372,RD_016,Patel Road T Nagar,13.04668,80.225432,pothole,medium,15.0,1.51,0.77,2024-07-16 14:00,223,0
HZ_0373,RD_003,OMR (Old Mahabalipuram Road),12.923446,80.221953,pothole,low,4.7,0.16,0.86,2024-05-30 16:00,95,1
HZ_0374,RD_059,Road Segment 59,12.870614,80.174117,road_collapse,low,,2.38,0.86,2024-04-04 03:00,205,1
HZ_0375,RD_024,Road Segment 24,12.855511,80.149796,road_collapse,high,,3.33,0.79,2024-02-06 19:00,809,1
HZ_0376,RD_060,Road Segment 60,12.893223,80.380028,pothole,medium,8.3,2.41,0.81,2024-10-28 03:00,180,0
HZ_0377,RD_041,Road Segment 41,13.028383,80.127015,pothole,medium,4.0,0.33,0.81,2024-03-06 13:00,231,0
HZ_0378,RD_078,Road Segment 78,13.0142,80.40337,road_collapse,medium,,1.17,0.7,2024-08-19 07:00,542,0
HZ_0379,RD_017,Usman Road T Nagar,13.040297,80.238239,road_crack,medium,,1.27,0.65,2024-11-25 18:00,133,0
HZ_0380,RD_047,Road Segment 47,13.150469,80.176994,debris,high,,1.85,0.86,2024-03-09 01:00,177,0
HZ_0381,RD_005,NH-16 (Chennai-Kolkata Highway),13.14883,80.286539,pothole,medium,24.3,1.31,0.64,2024-08-14 16:00,183,0
HZ_0382,RD_028,Road Segment 28,13.133997,80.315438,pothole,low,14.3,3.74,0.79,2024-06-22 23:00,121,0
HZ_0383,RD_050,Road Segment 50,13.015621,80.128653,road_collapse,low,,0.21,0.65,2024-11-16 23:00,183,0
HZ_0384,RD_025,Road Segment 25,13.052811,80.343855,debris,high,,0.62,0.84,2024-07-05 11:00,135,1
HZ_0385,RD_034,Road Segment 34,12.909226,80.320102,waterlogging,low,,1.24,0.89,2024-12-17 10:00,66,0
HZ_0386,RD_002,GST Road,12.978171,80.191548,pothole,high,3.3,2.79,0.71,2024-01-20 00:00,442,1
HZ_0387,RD_069,Road Segment 69,12.98113,80.391755,waterlogging,low,,2.41,0.7,2024-09-23 11:00,64,0
HZ_0388,RD_006,Rajiv Gandhi Salai (IT Corridor),12.962465,80.244806,pothole,medium,19.1,2.27,0.88,2024-08-04 15:00,208,0
HZ_0389,RD_039,Road Segment 39,12.897436,80.322374,road_collapse,medium,,2.26,0.73,2024-04-16 19:00,484,1
HZ_0390,RD_019,100 Feet Road Vadapalani,13.05496,80.206577,road_crack,low,,2.58,0.86,2024-06-16 16:00,59,1
HZ_0391,RD_072,Road Segment 72,12.869607,80.275421,speed_breaker,medium,,0.79,0.94,2024-03-09 10:00,80,1
HZ_0392,RD_028,Road Segment 28,13.133127,80.329575,pothole,high,20.6,3.0,0.65,2024-03-28 20:00,416,1
HZ_0393,RD_011,Velachery Main Road,12.976198,80.228262,road_crack,low,,0.81,0.69,2024-12-29 04:00,43,0
HZ_0394,RD_038,Road Segment 38,13.026448,80.362776,pothole,low,1.0,0.81,0.85,2024-11-30 07:00,135,0
HZ_0395,RD_023,Road Segment 23,12.864674,80.118504,debris,high,,3.28,0.7,2024-01-09 11:00,140,0
HZ_0396,RD_041,Road Segment 41,13.024435,80.122766,waterlogging,low,,0.62,0.76,2024-04-30 19:00,117,1
HZ_0397,RD_009,Inner Ring Road,13.022565,80.201373,pothole,low,9.3,2.96,0.77,2024-12-16 23:00,86,0
HZ_0398,RD_078,Road Segment 78,13.010546,80.398789,road_crack,medium,,3.22,0.9,2024-06-24 16:00,134,0
HZ_0399,RD_024,Road Segment 24,12.858745,80.164337,road_crack,low,,3.63,0.67,2024-10-09 13:00,86,0
HZ_0400,RD_038,Road Segment 38,13.024382,80.369968,pothole,low,18.4,1.82,0.78,2024-05-02 14:00,107,0
HZ_0401,RD_028,Road Segment 28,13.135231,80.312798,pothole,high,23.0,2.83,0.93,2024-08-04 07:00,421,1
HZ_0402,RD_079,Road Segment 79,12.918605,80.179805,pothole,high,1.9,1.66,0.82,2024-01-19 08:00,437,0
HZ_0403,RD_073,Road Segment 73,12.876227,80.154184,pothole,low,12.7,3.0,0.67,2024-08-10 18:00,132,1
HZ_0404,RD_028,Road Segment 28,13.13138,80.323584,speed_breaker,low,,0.33,0.69,2024-03-10 08:00,24,0
HZ_0405,RD_077,Road Segment 77,13.087182,80.191231,road_collapse,medium,,1.06,0.97,2024-07-16 14:00,537,1
HZ_0406,RD_052,Road Segment 52,13.013613,80.127523,speed_breaker,medium,,3.59,0.68,2024-07-05 16:00,96,0
HZ_0407,RD_072,Road Segment 72,12.866332,80.266773,pothole,low,11.6,2.89,0.84,2024-05-19 12:00,119,0
HZ_0408,RD_008,Grand Southern Trunk Road,12.982929,80.10514,speed_breaker,high,,2.55,0.7,2024-01-05 22:00,208,0
HZ_0409,RD_069,Road Segment 69,12.981272,80.391634,debris,medium,,0.83,0.93,2024-12-26 20:00,117,0
HZ_0410,RD_073,Road Segment 73,12.883386,80.154904,pothole,medium,10.8,2.75,0.79,2024-08-30 04:00,188,0
HZ_0411,RD_047,Road Segment 47,13.158539,80.184358,pothole,low,22.3,1.08,0.83,2024-06-25 02:00,117,0
HZ_0412,RD_066,Road Segment 66,13.156363,80.123879,road_crack,medium,,1.53,0.94,2024-07-15 06:00,132,0
HZ_0413,RD_012,Sardar Patel Road,13.005762,80.223865,road_crack,high,,3.37,0.6,2024-06-30 13:00,259,1
HZ_0414,RD_065,Road Segment 65,13.011179,80.226235,road_crack,medium,,0.56,0.89,2024-06-05 09:00,147,1
HZ_0415,RD_028,Road Segment 28,13.143022,80.316704,pothole,low,17.4,0.19,0.9,2024-09-27 05:00,146,1
HZ_0416,RD_035,Road Segment 35,12.940056,80.37555,road_crack,low,,2.26,0.63,2024-04-21 09:00,61,1
HZ_0417,RD_058,Road Segment 58,13.095915,80.121354,road_crack,low,,1.69,0.87,2024-06-25 14:00,34,1
HZ_0418,RD_041,Road Segment 41,13.029289,80.131691,road_crack,low,,3.67,0.99,2024-07-13 16:00,70,1
HZ_0419,RD_008,Grand Southern Trunk Road,12.976069,80.108115,speed_breaker,low,,0.66,0.85,2024-11-23 15:00,33,1
HZ_0420,RD_080,Road Segment 80,12.986645,80.157102,pothole,medium,15.1,1.32,0.82,2024-07-08 11:00,226,0
HZ_0421,RD_003,OMR (Old Mahabalipuram Road),12.920574,80.226247,road_crack,low,,1.87,0.75,2024-10-12 20:00,30,0
HZ_0422,RD_014,Nungambakkam High Road,13.050852,80.23664,pothole,low,2.9,3.16,0.78,2024-12-15 20:00,146,1
HZ_0423,RD_074,Road Segment 74,12.989784,80.377835,waterlogging,medium,,3.69,0.65,2024-01-04 23:00,231,0
HZ_0424,RD_038,Road Segment 38,13.023685,80.355984,road_collapse,high,,2.44,0.93,2024-02-02 02:00,835,0
HZ_0425,RD_013,Cathedral Road,13.056744,80.255782,pothole,high,15.7,0.37,0.67,2024-03-16 04:00,432,0
HZ_0426,RD_058,Road Segment 58,13.095349,80.12393,pothole,high,11.2,2.87,0.73,2024-09-13 23:00,419,0
HZ_0427,RD_074,Road Segment 74,12.99296,80.381431,debris,high,,3.43,0.61,2024-08-24 18:00,182,0
HZ_0428,RD_026,Road Segment 26,12.991665,80.184307,pothole,low,9.5,3.26,0.76,2024-09-28 09:00,135,0
HZ_0429,RD_015,Arcot Road,13.059171,80.2133,speed_breaker,low,,1.51,0.86,2024-07-31 21:00,67,1
HZ_0430,RD_042,Road Segment 42,13.078356,80.324564,oil_spill,low,,1.86,0.9,2024-06-26 00:00,63,0
HZ_0431,RD_058,Road Segment 58,13.103396,80.111846,road_collapse,medium,,2.63,0.87,2024-11-18 09:00,504,0
HZ_0432,RD_069,Road Segment 69,12.988466,80.404125,speed_breaker,low,,1.68,0.8,2024-11-19 01:00,33,0
HZ_0433,RD_070,Road Segment 70,12.999447,80.395366,road_crack,high,,3.41,0.67,2024-01-30 20:00,292,1
HZ_0434,RD_049,Road Segment 49,13.103831,80.265214,pothole,low,20.4,2.89,0.86,2024-06-16 11:00,116,0
HZ_0435,RD_075,Road Segment 75,12.866655,80.129474,road_crack,medium,,2.47,0.8,2024-06-18 18:00,140,0
HZ_0436,RD_029,Road Segment 29,13.044836,80.350885,speed_breaker,low,,2.99,0.67,2024-09-12 00:00,42,0
HZ_0437,RD_017,Usman Road T Nagar,13.048613,80.243712,pothole,medium,6.1,0.42,0.68,2024-09-25 03:00,210,1
HZ_0438,RD_004,ECR (East Coast Road),12.849672,80.255458,debris,low,,3.69,0.61,2024-07-03 06:00,65,0
HZ_0439,RD_024,Road Segment 24,12.859407,80.162568,pothole,medium,3.1,3.44,0.92,2024-11-17 18:00,186,1
HZ_0440,RD_046,Road Segment 46,12.893856,80.23395,pothole,medium,17.0,1.66,0.73,2024-06-27 15:00,249,0
HZ_0441,RD_074,Road Segment 74,12.992235,80.387628,road_crack,low,,0.44,0.84,2024-05-25 05:00,43,1
HZ_0442,RD_056,Road Segment 56,13.008795,80.173383,road_crack,medium,,2.86,0.98,2024-10-03 09:00,134,0
HZ_0443,RD_056,Road Segment 56,13.010824,80.171656,pothole,medium,5.8,3.36,0.85,2024-12-14 07:00,208,0
HZ_0444,RD_076,Road Segment 76,13.083742,80.187473,road_collapse,medium,,3.77,0.76,2024-06-17 07:00,534,0
HZ_0445,RD_054,Road Segment 54,13.008065,80.15835,pothole,medium,6.1,2.1,0.64,2024-12-21 04:00,219,0
HZ_0446,RD_055,Road Segment 55,12.988229,80.305393,speed_breaker,medium,,0.76,0.77,2024-03-06 16:00,126,1
HZ_0447,RD_075,Road Segment 75,12.873537,80.11661,road_crack,medium,,2.56,0.83,2024-01-31 10:00,145,1
HZ_0448,RD_067,Road Segment 67,13.208708,80.346116,speed_breaker,low,,3.2,0.61,2024-01-04 21:00,13,1
HZ_0449,RD_009,Inner Ring Road,13.014952,80.201085,road_crack,medium,,0.76,0.72,2024-12-24 23:00,193,1
HZ_0450,RD_031,Road Segment 31,13.145607,80.358949,speed_breaker,medium,,3.89,0.67,2024-06-28 23:00,136,0
HZ_0451,RD_036,Road Segment 36,13.152596,80.334109,debris,medium,,0.84,0.95,2024-11-11 19:00,92,0
HZ_0452,RD_071,Road Segment 71,12.946441,80.398304,pothole,high,15.8,2.4,0.91,2024-09-02 19:00,445,0
HZ_0453,RD_026,Road Segment 26,12.998419,80.17928,waterlogging,low,,2.45,0.95,2024-08-31 04:00,73,0
HZ_0454,RD_063,Road Segment 63,13.199503,80.119494,waterlogging,low,,3.2,0.95,2024-02-19 21:00,113,1
HZ_0455,RD_072,Road Segment 72,12.859758,80.278433,road_crack,low,,0.72,0.95,2024-09-07 04:00,72,0
HZ_0456,RD_079,Road Segment 79,12.920833,80.180395,speed_breaker,medium,,1.7,0.99,2024-11-29 18:00,82,0
HZ_0457,RD_033,Road Segment 33,13.088412,80.308268,road_crack,medium,,2.95,0.84,2024-03-17 02:00,163,0
HZ_0458,RD_059,Road Segment 59,12.867953,80.165434,pothole,high,16.1,2.45,0.9,2024-09-24 21:00,450,1
HZ_0459,RD_074,Road Segment 74,12.984695,80.383939,oil_spill,medium,,0.45,0.7,2024-08-16 23:00,134,1
HZ_0460,RD_020,Kamarajar Salai Marina,13.05949,80.281233,oil_spill,medium,,2.46,0.96,2024-11-26 21:00,153,0
HZ_0461,RD_008,Grand Southern Trunk Road,12.980224,80.113535,road_crack,high,,3.88,0.81,2024-09-24 09:00,234,0
HZ_0462,RD_074,Road Segment 74,12.987702,80.390895,oil_spill,high,,0.46,0.9,2024-02-27 23:00,316,0
HZ_0463,RD_075,Road Segment 75,12.863631,80.125602,pothole,low,21.1,1.57,0.87,2024-05-04 21:00,91,0
HZ_0464,RD_059,Road Segment 59,12.878946,80.178584,road_crack,medium,,2.77,0.83,2024-04-29 01:00,145,0
HZ_0465,RD_053,Road Segment 53,13.018571,80.267848,speed_breaker,medium,,2.9,0.97,2024-01-11 04:00,116,0
HZ_0466,RD_034,Road Segment 34,12.908962,80.315379,road_crack,high,,1.67,0.95,2024-02-22 23:00,277,0
HZ_0467,RD_005,NH-16 (Chennai-Kolkata Highway),13.153683,80.285303,road_crack,medium,,0.45,0.95,2024-06-16 17:00,183,0
HZ_0468,RD_069,Road Segment 69,12.980096,80.388766,oil_spill,low,,0.58,0.62,2024-09-16 21:00,82,0
HZ_0469,RD_058,Road Segment 58,13.099372,80.131229,pothole,low,1.0,3.57,0.77,2024-11-04 20:00,128,0
HZ_0470,RD_033,Road Segment 33,13.087002,80.309381,pothole,medium,24.7,1.27,0.63,2024-06-28 06:00,185,0
HZ_0471,RD_065,Road Segment 65,12.998021,80.227329,speed_breaker,low,,1.85,0.73,2024-10-28 01:00,35,1
HZ_0472,RD_079,Road Segment 79,12.932344,80.185055,road_crack,low,,3.05,0.7,2024-07-04 10:00,63,0
HZ_0473,RD_035,Road Segment 35,12.948786,80.369863,pothole,high,18.2,1.22,0.75,2024-03-28 14:00,433,1
HZ_0474,RD_010,Outer Ring Road,12.997918,80.146275,speed_breaker,high,,3.94,0.62,2024-06-21 03:00,209,0
HZ_0475,RD_011,Velachery Main Road,12.972758,80.21803,pothole,medium,20.7,1.54,0.89,2024-07-03 20:00,198,0
HZ_0476,RD_058,Road Segment 58,13.0952,80.117791,road_collapse,low,,1.56,0.64,2024-11-18 02:00,213,0
HZ_0477,RD_042,Road Segment 42,13.067916,80.335018,speed_breaker,low,,3.7,0.81,2024-06-21 07:00,51,0
HZ_0478,RD_028,Road Segment 28,13.136568,80.326355,pothole,low,19.1,2.62,0.73,2024-08-13 22:00,111,1
HZ_0479,RD_014,Nungambakkam High Road,13.065147,80.24488,pothole,medium,14.9,3.24,0.76,2024-01-11 03:00,245,0
HZ_0480,RD_039,Road Segment 39,12.890537,80.327034,road_collapse,low,,2.01,0.72,2024-07-05 21:00,197,0
HZ_0481,RD_021,Road Segment 21,13.077843,80.111775,road_crack,low,,3.21,0.68,2024-02-15 08:00,34,0
HZ_0482,RD_066,Road Segment 66,13.158792,80.122605,pothole,low,21.5,3.2,0.82,2024-09-16 16:00,95,0
HZ_0483,RD_007,Poonamallee High Road,13.040514,80.146628,road_crack,medium,,2.39,0.97,2024-01-12 23:00,180,1
HZ_0484,RD_026,Road Segment 26,13.006955,80.178344,road_crack,high,,3.08,0.86,2024-08-22 16:00,254,0
HZ_0485,RD_049,Road Segment 49,13.119835,80.257312,pothole,low,9.3,1.74,0.83,2024-04-18 12:00,113,1
HZ_0486,RD_057,Road Segment 57,13.058292,80.173612,pothole,medium,11.4,3.92,0.72,2024-12-10 03:00,187,0
HZ_0487,RD_040,Road Segment 40,13.000424,80.270839,pothole,low,14.2,2.39,0.77,2024-12-23 11:00,103,1
HZ_0488,RD_034,Road Segment 34,12.910374,80.321488,speed_breaker,low,,0.78,0.76,2024-03-23 00:00,78,0
HZ_0489,RD_039,Road Segment 39,12.905601,80.315087,pothole,medium,5.5,3.49,0.76,2024-06-18 11:00,202,0
HZ_0490,RD_063,Road Segment 63,13.193006,80.123392,pothole,low,22.9,1.44,0.78,2024-11-12 08:00,100,0
HZ_0491,RD_024,Road Segment 24,12.864435,80.152728,debris,medium,,1.4,0.68,2024-07-23 03:00,109,1
HZ_0492,RD_056,Road Segment 56,13.007899,80.17649,pothole,high,7.3,2.84,0.65,2024-07-04 03:00,445,0
HZ_0493,RD_003,OMR (Old Mahabalipuram Road),12.910319,80.222421,speed_breaker,low,,3.97,0.82,2024-01-24 12:00,56,0
HZ_0494,RD_077,Road Segment 77,13.080878,80.18861,speed_breaker,low,,1.63,0.95,2024-04-13 15:00,30,0
HZ_0495,RD_037,Road Segment 37,13.000475,80.130199,pothole,medium,1.4,3.02,0.91,2024-08-06 23:00,203,1
HZ_0496,RD_017,Usman Road T Nagar,13.045391,80.236959,debris,medium,,1.59,0.9,2024-04-11 18:00,116,0
HZ_0497,RD_037,Road Segment 37,12.981154,80.116953,pothole,low,24.9,2.06,0.87,2024-01-22 02:00,108,0
HZ_0498,RD_075,Road Segment 75,12.85505,80.127738,road_crack,medium,,2.73,0.84,2024-03-17 11:00,193,0
HZ_0499,RD_018,LB Road Adyar,13.003778,80.2546,road_crack,high,,1.85,0.94,2024-05-25 22:00,231,0
HZ_0500,RD_014,Nungambakkam High Road,13.051849,80.247711,road_crack,medium,,3.44,0.76,2024-12-20 13:00,138,1
HZ_0501,RD_036,Road Segment 36,13.13697,80.332253,pothole,medium,15.8,2.97,0.82,2024-09-03 10:00,219,1
HZ_0502,RD_035,Road Segment 35,12.946076,80.38421,waterlogging,low,,0.85,0.91,2024-01-15 03:00,100,1
HZ_0503,RD_026,Road Segment 26,12.999006,80.180358,waterlogging,high,,3.5,0.94,2024-11-08 15:00,363,0
HZ_0504,RD_052,Road Segment 52,13.028773,80.117917,pothole,medium,16.9,1.13,0.81,2024-09-27 13:00,222,0
HZ_0505,RD_075,Road Segment 75,12.866249,80.12701,road_crack,medium,,0.86,0.68,2024-11-19 20:00,180,0
HZ_0506,RD_001,Anna Salai (Mount Road),13.072053,80.264522,pothole,low,23.5,1.62,0.72,2024-01-21 15:00,92,1
HZ_0507,RD_059,Road Segment 59,12.876925,80.173382,road_crack,medium,,1.43,0.74,2024-05-09 06:00,190,0
HZ_0508,RD_015,Arcot Road,13.053199,80.211088,road_crack,medium,,2.47,0.94,2024-11-11 17:00,182,1
HZ_0509,RD_003,OMR (Old Mahabalipuram Road),12.931417,80.219543,waterlogging,low,,0.88,0.72,2024-01-27 18:00,125,0
HZ_0510,RD_034,Road Segment 34,12.916952,80.325855,road_crack,low,,1.78,0.9,2024-11-20 23:00,51,1
HZ_0511,RD_019,100 Feet Road Vadapalani,13.050851,80.204461,pothole,high,9.4,2.95,0.73,2024-03-08 16:00,427,0
HZ_0512,RD_007,Poonamallee High Road,13.040926,80.151327,road_crack,medium,,2.04,0.69,2024-03-08 18:00,173,1
HZ_0513,RD_066,Road Segment 66,13.160922,80.123453,debris,medium,,2.66,0.67,2024-05-04 03:00,62,0
HZ_0514,RD_013,Cathedral Road,13.064171,80.244694,speed_breaker,medium,,1.27,0.65,2024-05-01 04:00,135,0
HZ_0515,RD_015,Arcot Road,13.037906,80.208185,pothole,medium,23.2,3.39,0.92,2024-01-28 01:00,227,0
HZ_0516,RD_037,Road Segment 37,12.987087,80.12743,pothole,medium,8.9,2.69,0.73,2024-09-09 11:00,191,0
HZ_0517,RD_048,Road Segment 48,13.154988,80.192489,debris,high,,0.74,0.98,2024-04-27 22:00,139,1
HZ_0518,RD_072,Road Segment 72,12.867862,80.279245,pothole,medium,16.1,3.06,0.69,2024-03-05 12:00,246,0
HZ_0519,RD_051,Road Segment 51,12.874094,80.365159,road_crack,low,,3.19,0.68,2024-02-26 09:00,47,1
HZ_0520,RD_009,Inner Ring Road,13.022678,80.210631,road_crack,medium,,0.31,0.74,2024-03-17 19:00,155,0
HZ_0521,RD_046,Road Segment 46,12.888939,80.237849,speed_breaker,low,,3.28,0.86,2024-04-07 18:00,56,1
HZ_0522,RD_001,Anna Salai (Mount Road),13.066981,80.264345,debris,high,,2.3,0.65,2024-08-01 17:00,185,1
HZ_0523,RD_046,Road Segment 46,12.880803,80.227999,pothole,high,24.4,0.77,0.74,2024-04-16 19:00,385,0
HZ_0524,RD_070,Road Segment 70,12.994013,80.383298,pothole,medium,1.5,1.9,0.96,2024-06-10 08:00,243,0
HZ_0525,RD_016,Patel Road T Nagar,13.036102,80.231656,debris,medium,,1.51,0.69,2024-11-07 03:00,97,1
HZ_0526,RD_018,LB Road Adyar,12.999265,80.256022,pothole,low,3.6,2.97,0.9,2024-09-02 09:00,96,0
HZ_0527,RD_008,Grand Southern Trunk Road,12.976857,80.111227,waterlogging,high,,0.64,0.74,2024-09-09 07:00,370,1
HZ_0528,RD_049,Road Segment 49,13.122295,80.270796,pothole,high,23.7,1.97,0.98,2024-11-18 23:00,386,0
HZ_0529,RD_022,Road Segment 22,12.890983,80.142257,debris,medium,,2.55,0.9,2024-11-17 05:00,78,0
HZ_0530,RD_050,Road Segment 50,13.013795,80.144654,waterlogging,low,,0.89,0.8,2024-05-16 05:00,112,1
HZ_0531,RD_024,Road Segment 24,12.854859,80.153026,speed_breaker,medium,,3.12,0.74,2024-04-11 20:00,138,0
HZ_0532,RD_027,Road Segment 27,12.880866,80.133204,pothole,low,16.6,3.41,0.8,2024-02-11 05:00,121,0
HZ_0533,RD_018,LB Road Adyar,12.996927,80.254182,debris,high,,1.29,0.95,2024-06-13 15:00,200,0
HZ_0534,RD_070,Road Segment 70,12.996683,80.380409,pothole,medium,12.5,2.76,0.86,2024-01-28 17:00,244,1
HZ_0535,RD_039,Road Segment 39,12.893848,80.319589,pothole,medium,5.3,0.42,0.64,2024-11-17 20:00,184,0
HZ_0536,RD_015,Arcot Road,13.04573,80.210495,pothole,low,13.3,0.32,0.74,2024-11-16 19:00,85,0
HZ_0537,RD_073,Road Segment 73,12.866959,80.161963,road_crack,high,,2.52,0.97,2024-10-26 17:00,268,0
HZ_0538,RD_055,Road Segment 55,12.978302,80.295816,pothole,high,21.2,2.89,0.66,2024-03-09 01:00,414,0
HZ_0539,RD_021,Road Segment 21,13.074327,80.108571,debris,high,,3.18,0.62,2024-09-24 05:00,192,0
HZ_0540,RD_051,Road Segment 51,12.872451,80.365797,speed_breaker,medium,,0.25,0.88,2024-11-20 08:00,82,1
HZ_0541,RD_006,Rajiv Gandhi Salai (IT Corridor),12.95607,80.24001,speed_breaker,high,,3.05,0.98,2024-01-22 17:00,244,0
HZ_0542,RD_077,Road Segment 77,13.086271,80.19105,debris,low,,3.76,0.9,2024-10-28 09:00,50,1
HZ_0543,RD_042,Road Segment 42,13.066576,80.339107,speed_breaker,low,,1.51,0.82,2024-11-07 00:00,15,0
HZ_0544,RD_001,Anna Salai (Mount Road),13.066277,80.257595,road_crack,high,,3.89,0.98,2024-01-05 08:00,296,0
HZ_0545,RD_029,Road Segment 29,13.046537,80.343894,pothole,medium,13.5,1.57,0.67,2024-09-23 05:00,250,0
HZ_0546,RD_002,GST Road,12.97053,80.18396,pothole,low,16.7,3.42,0.78,2024-11-10 02:00,138,0
HZ_0547,RD_036,Road Segment 36,13.145383,80.326554,pothole,low,6.9,3.77,0.89,2024-10-15 17:00,90,1
HZ_0548,RD_009,Inner Ring Road,13.022351,80.208408,waterlogging,low,,1.88,0.64,2024-05-11 08:00,93,0
HZ_0549,RD_066,Road Segment 66,13.158108,80.119075,pothole,high,24.7,1.62,0.95,2024-01-26 11:00,405,0
HZ_0550,RD_070,Road Segment 70,12.998706,80.393017,road_crack,low,,0.54,0.67,2024-05-29 23:00,37,0
HZ_0551,RD_056,Road Segment 56,13.011543,80.171527,road_crack,medium,,0.41,0.71,2024-12-05 18:00,180,1
HZ_0552,RD_047,Road Segment 47,13.164305,80.177845,debris,medium,,3.02,0.66,2024-10-10 13:00,67,1
HZ_0553,RD_049,Road Segment 49,13.117365,80.264828,oil_spill,low,,2.92,0.63,2024-07-01 14:00,67,1
HZ_0554,RD_054,Road Segment 54,12.999905,80.166401,road_crack,medium,,3.84,0.7,2024-12-16 11:00,190,0
HZ_0555,RD_054,Road Segment 54,12.987609,80.167004,road_crack,low,,2.29,0.77,2024-06-14 01:00,93,0
HZ_0556,RD_015,Arcot Road,13.04167,80.212862,pothole,low,17.7,3.44,0.78,2024-08-20 02:00,129,0
HZ_0557,RD_080,Road Segment 80,12.982955,80.143608,pothole,medium,5.9,0.19,0.73,2024-03-10 03:00,213,1
HZ_0558,RD_080,Road Segment 80,12.981126,80.141957,road_crack,high,,0.1,0.94,2024-04-09 14:00,235,0
HZ_0559,RD_050,Road Segment 50,13.025162,80.140918,road_crack,low,,3.25,0.87,2024-06-29 21:00,65,1
HZ_0560,RD_028,Road Segment 28,13.12925,80.32054,waterlogging,medium,,3.69,0.63,2024-06-10 14:00,228,0
HZ_0561,RD_072,Road Segment 72,12.868468,80.277155,pothole,medium,8.1,1.26,0.72,2024-02-11 06:00,212,0
HZ_0562,RD_038,Road Segment 38,13.01561,80.365206,speed_breaker,low,,2.32,0.74,2024-10-22 06:00,69,1
HZ_0563,RD_056,Road Segment 56,13.015951,80.175522,road_collapse,low,,3.57,0.79,2024-08-02 14:00,202,0
HZ_0564,RD_051,Road Segment 51,12.871299,80.372233,pothole,high,10.6,3.21,0.85,2024-05-26 21:00,404,0
HZ_0565,RD_052,Road Segment 52,13.015563,80.121512,pothole,low,23.0,3.25,0.62,2024-09-04 12:00,86,1
HZ_0566,RD_025,Road Segment 25,13.050404,80.348095,pothole,low,5.7,0.35,0.81,2024-07-23 04:00,144,0
HZ_0567,RD_028,Road Segment 28,13.131007,80.319217,pothole,low,13.9,0.63,0.69,2024-12-29 16:00,115,0
HZ_0568,RD_049,Road Segment 49,13.115247,80.274249,speed_breaker,high,,3.42,0.84,2024-05-25 15:00,200,0
HZ_0569,RD_067,Road Segment 67,13.202557,80.347999,pothole,low,7.8,1.98,0.76,2024-07-12 16:00,127,0
HZ_0570,RD_072,Road Segment 72,12.864664,80.276339,waterlogging,medium,,3.92,0.66,2024-04-04 12:00,199,0
HZ_0571,RD_016,Patel Road T Nagar,13.039643,80.234489,pothole,medium,17.3,1.79,0.66,2024-11-13 05:00,184,0
HZ_0572,RD_046,Road Segment 46,12.890517,80.228706,road_crack,medium,,2.15,0.93,2024-03-04 21:00,164,1
HZ_0573,RD_016,Patel Road T Nagar,13.043119,80.230688,speed_breaker,medium,,1.31,0.72,2024-12-11 21:00,105,0
HZ_0574,RD_064,Road Segment 64,13.130488,80.132422,speed_breaker,medium,,2.29,0.97,2024-10-11 22:00,103,0
HZ_0575,RD_001,Anna Salai (Mount Road),13.0717,80.261518,speed_breaker,low,,2.26,0.77,2024-01-20 11:00,55,0
HZ_0576,RD_045,Road Segment 45,12.892466,80.367954,pothole,low,12.7,3.53,0.88,2024-08-01 12:00,118,0
HZ_0577,RD_070,Road Segment 70,13.002418,80.38013,speed_breaker,low,,3.74,0.76,2024-11-13 10:00,55,1
HZ_0578,RD_012,Sardar Patel Road,12.995678,80.21663,pothole,low,1.4,1.9,0.77,2024-12-21 00:00,126,0
HZ_0579,RD_032,Road Segment 32,13.069903,80.210432,road_collapse,low,,0.69,0.8,2024-04-28 08:00,208,0
HZ_0580,RD_007,Poonamallee High Road,13.055243,80.154518,pothole,low,8.1,0.55,0.92,2024-02-04 13:00,123,0
HZ_0581,RD_025,Road Segment 25,13.060544,80.349265,road_crack,low,,1.11,0.72,2024-06-02 17:00,87,0
HZ_0582,RD_024,Road Segment 24,12.864537,80.157044,speed_breaker,medium,,0.81,0.84,2024-08-11 21:00,138,1
HZ_0583,RD_075,Road Segment 75,12.870908,80.130569,oil_spill,low,,0.26,0.75,2024-04-15 10:00,51,0
HZ_0584,RD_054,Road Segment 54,12.996607,80.167846,speed_breaker,low,,3.55,0.73,2024-03-12 03:00,44,1
HZ_0585,RD_052,Road Segment 52,13.016261,80.11576,debris,medium,,3.98,0.84,2024-02-05 14:00,115,1
HZ_0586,RD_001,Anna Salai (Mount Road),13.068547,80.253745,speed_breaker,medium,,1.66,0.63,2024-02-20 15:00,124,0
HZ_0587,RD_020,Kamarajar Salai Marina,13.056418,80.286778,speed_breaker,low,,3.88,0.73,2024-12-03 10:00,28,1
HZ_0588,RD_058,Road Segment 58,13.102918,80.106531,waterlogging,low,,0.37,0.77,2024-09-10 04:00,103,0
HZ_0589,RD_078,Road Segment 78,13.012878,80.387767,speed_breaker,high,,2.27,0.72,2024-02-17 02:00,224,0
HZ_0590,RD_066,Road Segment 66,13.157003,80.117181,pothole,low,11.4,0.54,0.61,2024-05-04 04:00,83,0
HZ_0591,RD_079,Road Segment 79,12.923876,80.180604,pothole,medium,23.2,3.7,0.92,2024-01-04 17:00,243,1
HZ_0592,RD_037,Road Segment 37,12.995391,80.113266,speed_breaker,medium,,3.16,0.66,2024-07-26 16:00,148,0
HZ_0593,RD_069,Road Segment 69,12.985548,80.390717,debris,medium,,2.72,0.64,2024-12-03 07:00,118,0
HZ_0594,RD_003,OMR (Old Mahabalipuram Road),12.918403,80.227573,pothole,low,20.7,3.7,0.93,2024-10-17 07:00,118,0
HZ_0595,RD_040,Road Segment 40,13.002758,80.273679,pothole,low,1.7,1.26,0.71,2024-06-29 02:00,107,0
HZ_0596,RD_074,Road Segment 74,12.996313,80.387677,pothole,medium,14.4,2.26,0.8,2024-02-25 12:00,212,0
HZ_0597,RD_080,Road Segment 80,12.97311,80.156346,debris,medium,,2.06,0.85,2024-01-05 16:00,98,0
HZ_0598,RD_053,Road Segment 53,13.017461,80.264763,oil_spill,high,,3.42,0.87,2024-10-13 12:00,326,0
HZ_0599,RD_066,Road Segment 66,13.153308,80.116253,pothole,low,7.3,0.86,0.98,2024-10-30 08:00,108,1
HZ_0600,RD_019,100 Feet Road Vadapalani,13.045053,80.209498,pothole,medium,16.1,2.58,0.65,2024-01-03 19:00,208,0
HZ_0601,RD_044,Road Segment 44,13.190421,80.359472,pothole,medium,1.7,3.63,0.92,2024-12-31 21:00,188,0
HZ_0602,RD_063,Road Segment 63,13.189219,80.126753,pothole,low,9.2,0.66,0.73,2024-11-26 05:00,103,1
HZ_0603,RD_010,Outer Ring Road,12.997276,80.15236,pothole,high,24.7,1.52,0.78,2024-12-03 08:00,409,0
HZ_0604,RD_055,Road Segment 55,12.98613,80.306651,waterlogging,high,,3.44,0.68,2024-07-23 05:00,385,0
HZ_0605,RD_066,Road Segment 66,13.16114,80.12494,road_collapse,low,,3.33,0.62,2024-06-13 23:00,239,0
HZ_0606,RD_019,100 Feet Road Vadapalani,13.047265,80.20417,pothole,high,3.8,2.49,0.79,2024-06-30 18:00,415,0
HZ_0607,RD_053,Road Segment 53,13.012855,80.259328,road_crack,low,,2.2,0.62,2024-12-06 07:00,52,1
HZ_0608,RD_007,Poonamallee High Road,13.045353,80.149379,pothole,high,22.4,0.46,0.82,2024-10-14 07:00,408,1
HZ_0609,RD_012,Sardar Patel Road,13.01111,80.224855,pothole,low,2.5,0.47,0.78,2024-06-24 08:00,123,1
HZ_0610,RD_018,LB Road Adyar,12.991435,80.267283,debris,medium,,1.87,0.67,2024-09-08 09:00,83,0
HZ_0611,RD_027,Road Segment 27,12.874888,80.142063,road_crack,high,,0.33,0.64,2024-10-03 14:00,237,1
HZ_0612,RD_068,Road Segment 68,12.993102,80.243466,speed_breaker,low,,0.97,0.64,2024-08-12 16:00,17,0
HZ_0613,RD_044,Road Segment 44,13.188383,80.358413,debris,low,,1.7,0.62,2024-08-06 00:00,67,0
HZ_0614,RD_055,Road Segment 55,12.995694,80.29687,pothole,medium,5.3,3.03,0.93,2024-10-06 03:00,208,1
HZ_0615,RD_035,Road Segment 35,12.943122,80.38511,road_crack,medium,,2.84,0.94,2024-03-08 13:00,160,0
HZ_0616,RD_062,Road Segment 62,12.969186,80.217602,road_crack,medium,,0.69,0.84,2024-06-13 14:00,144,1
HZ_0617,RD_033,Road Segment 33,13.085358,80.312952,road_crack,high,,0.61,0.74,2024-11-23 13:00,289,0
HZ_0618,RD_006,Rajiv Gandhi Salai (IT Corridor),12.951655,80.232444,debris,high,,3.86,0.76,2024-09-05 18:00,181,0
HZ_0619,RD_077,Road Segment 77,13.08212,80.191558,pothole,low,20.6,3.99,0.98,2024-11-08 15:00,88,0
HZ_0620,RD_002,GST Road,12.974731,80.188839,debris,medium,,0.2,0.67,2024-05-19 15:00,98,1
HZ_0621,RD_066,Road Segment 66,13.15979,80.121276,speed_breaker,medium,,1.71,0.96,2024-04-25 04:00,139,0
HZ_0622,RD_053,Road Segment 53,13.020537,80.268402,road_crack,medium,,0.95,0.67,2024-08-10 17:00,169,0
HZ_0623,RD_041,Road Segment 41,13.023984,80.121389,speed_breaker,low,,2.53,0.94,2024-05-06 04:00,63,0
HZ_0624,RD_037,Road Segment 37,12.988085,80.118074,pothole,medium,15.0,2.3,0.64,2024-05-28 00:00,180,1
HZ_0625,RD_058,Road Segment 58,13.105193,80.128523,road_crack,low,,3.93,0.88,2024-12-24 02:00,68,1
HZ_0626,RD_018,LB Road Adyar,12.99306,80.256716,pothole,low,23.4,3.15,0.77,2024-04-18 20:00,119,0
HZ_0627,RD_073,Road Segment 73,12.889841,80.151371,debris,high,,3.12,0.69,2024-10-20 00:00,152,0
HZ_0628,RD_014,Nungambakkam High Road,13.058097,80.241453,pothole,medium,18.3,2.27,0.63,2024-05-18 06:00,230,0
HZ_0629,RD_079,Road Segment 79,12.926436,80.178207,road_collapse,medium,,1.23,0.94,2024-02-15 12:00,540,1
HZ_0630,RD_019,100 Feet Road Vadapalani,13.054052,80.210969,waterlogging,high,,0.43,0.75,2024-08-28 23:00,349,0
HZ_0631,RD_050,Road Segment 50,13.016922,80.134268,debris,medium,,0.59,0.68,2024-09-13 17:00,106,0
HZ_0632,RD_046,Road Segment 46,12.888526,80.233894,road_crack,low,,2.3,0.83,2024-03-10 18:00,97,1
HZ_0633,RD_068,Road Segment 68,12.996664,80.248974,speed_breaker,medium,,1.8,0.96,2024-09-07 05:00,127,0
HZ_0634,RD_002,GST Road,12.971799,80.1834,road_crack,high,,1.72,0.96,2024-10-04 20:00,232,0
HZ_0635,RD_051,Road Segment 51,12.867718,80.366015,pothole,medium,13.1,1.47,0.85,2024-12-27 17:00,211,0
HZ_0636,RD_011,Velachery Main Road,12.976389,80.220429,pothole,medium,2.6,3.78,0.82,2024-06-19 00:00,220,1
HZ_0637,RD_028,Road Segment 28,13.131964,80.318865,pothole,low,14.1,3.52,0.7,2024-01-18 13:00,129,1
HZ_0638,RD_002,GST Road,12.970375,80.190109,road_crack,low,,0.26,0.85,2024-01-24 20:00,75,0
HZ_0639,RD_044,Road Segment 44,13.184498,80.358427,speed_breaker,medium,,0.42,0.65,2024-02-22 12:00,144,0
HZ_0640,RD_015,Arcot Road,13.055502,80.216295,pothole,low,10.0,3.51,0.88,2024-01-03 03:00,111,1
HZ_0641,RD_061,Road Segment 61,13.140399,80.163169,road_crack,high,,1.15,0.96,2024-01-29 08:00,259,1
HZ_0642,RD_004,ECR (East Coast Road),12.850579,80.248774,speed_breaker,medium,,1.75,0.62,2024-05-31 21:00,144,0
HZ_0643,RD_080,Road Segment 80,12.982759,80.147795,pothole,medium,2.7,1.86,0.76,2024-10-14 18:00,227,0
HZ_0644,RD_008,Grand Southern Trunk Road,12.980451,80.112211,pothole,medium,10.5,1.25,0.95,2024-11-22 01:00,189,1
HZ_0645,RD_034,Road Segment 34,12.901218,80.310342,waterlogging,medium,,2.34,0.63,2024-01-16 23:00,226,0
HZ_0646,RD_076,Road Segment 76,13.080103,80.194081,speed_breaker,high,,2.32,0.62,2024-12-31 15:00,215,0
HZ_0647,RD_067,Road Segment 67,13.206839,80.351087,pothole,medium,15.7,0.97,0.92,2024-11-05 08:00,181,0
HZ_0648,RD_067,Road Segment 67,13.198513,80.352752,road_crack,low,,2.56,0.87,2024-07-23 10:00,41,1
HZ_0649,RD_061,Road Segment 61,13.129125,80.15404,pothole,high,23.7,2.8,0.64,2024-03-12 10:00,440,0
HZ_0650,RD_051,Road Segment 51,12.867552,80.358374,pothole,low,17.6,1.78,0.66,2024-09-05 13:00,93,1
HZ_0651,RD_025,Road Segment 25,13.06455,80.343642,pothole,medium,9.0,1.5,0.75,2024-11-02 09:00,205,0
HZ_0652,RD_054,Road Segment 54,13.004721,80.165542,waterlogging,medium,,3.28,0.7,2024-04-08 18:00,220,1
HZ_0653,RD_025,Road Segment 25,13.062021,80.343643,pothole,high,24.0,0.48,0.92,2024-10-13 05:00,450,0
HZ_0654,RD_026,Road Segment 26,12.999828,80.189263,road_crack,low,,2.51,0.75,2024-12-25 10:00,65,1
HZ_0655,RD_077,Road Segment 77,13.078695,80.187391,speed_breaker,high,,2.73,0.62,2024-04-14 02:00,206,1
HZ_0656,RD_046,Road Segment 46,12.888919,80.238981,debris,low,,0.61,0.78,2024-12-14 17:00,28,0
HZ_0657,RD_058,Road Segment 58,13.094528,80.115437,pothole,high,13.2,2.12,0.99,2024-08-05 10:00,382,1
HZ_0658,RD_038,Road Segment 38,13.013602,80.362947,pothole,medium,23.9,0.61,0.97,2024-07-22 07:00,181,0
HZ_0659,RD_018,LB Road Adyar,13.004392,80.252052,speed_breaker,low,,3.25,0.84,2024-11-14 08:00,49,0
HZ_0660,RD_032,Road Segment 32,13.083038,80.209949,pothole,medium,13.5,1.16,0.72,2024-06-14 07:00,247,0
HZ_0661,RD_028,Road Segment 28,13.135134,80.317923,speed_breaker,medium,,1.48,0.94,2024-01-29 23:00,95,0
HZ_0662,RD_078,Road Segment 78,13.001922,80.402983,road_crack,medium,,0.6,0.66,2024-10-23 14:00,176,1
HZ_0663,RD_051,Road Segment 51,12.862416,80.372441,waterlogging,low,,2.55,0.97,2024-07-22 01:00,117,0
HZ_0664,RD_039,Road Segment 39,12.906891,80.318814,waterlogging,medium,,1.47,0.86,2024-05-04 20:00,189,0
HZ_0665,RD_006,Rajiv Gandhi Salai (IT Corridor),12.969449,80.235773,pothole,medium,10.0,1.59,0.68,2024-04-06 00:00,205,1
HZ_0666,RD_042,Road Segment 42,13.067767,80.331544,waterlogging,low,,2.84,0.71,2024-01-08 06:00,80,1
HZ_0667,RD_065,Road Segment 65,13.00157,80.218541,pothole,high,9.7,0.46,0.81,2024-11-16 01:00,407,1
HZ_0668,RD_039,Road Segment 39,12.898055,80.32968,speed_breaker,low,,1.98,0.83,2024-11-25 09:00,74,1
HZ_0669,RD_026,Road Segment 26,12.997678,80.186168,pothole,medium,17.6,2.43,0.81,2024-12-28 21:00,203,1
HZ_0670,RD_023,Road Segment 23,12.85981,80.118877,waterlogging,low,,3.64,0.86,2024-09-09 16:00,72,0
HZ_0671,RD_009,Inner Ring Road,13.018021,80.202,pothole,high,15.2,1.52,0.61,2024-08-10 08:00,393,0
HZ_0672,RD_066,Road Segment 66,13.16143,80.122203,speed_breaker,medium,,2.01,0.63,2024-02-05 11:00,145,0
HZ_0673,RD_025,Road Segment 25,13.049401,80.339617,pothole,medium,17.7,0.83,0.94,2024-06-30 04:00,215,0
HZ_0674,RD_070,Road Segment 70,12.988111,80.383039,speed_breaker,medium,,2.85,0.97,2024-09-23 07:00,87,0
HZ_0675,RD_038,Road Segment 38,13.021975,80.371935,road_crack,low,,2.92,0.91,2024-03-04 18:00,45,0
HZ_0676,RD_017,Usman Road T Nagar,13.040019,80.236331,speed_breaker,medium,,3.58,0.86,2024-03-22 10:00,141,0
HZ_0677,RD_018,LB Road Adyar,12.998025,80.260276,road_collapse,medium,,1.74,0.91,2024-05-24 17:00,495,0
HZ_0678,RD_060,Road Segment 60,12.897116,80.38276,pothole,high,10.2,1.84,0.91,2024-08-24 00:00,392,1
HZ_0679,RD_048,Road Segment 48,13.153491,80.185143,pothole,low,2.1,3.76,0.61,2024-11-30 16:00,127,1
HZ_0680,RD_051,Road Segment 51,12.872921,80.366246,pothole,high,14.9,1.4,0.83,2024-02-01 06:00,443,0
HZ_0681,RD_040,Road Segment 40,12.999799,80.277748,pothole,low,18.6,2.56,0.88,2024-02-18 03:00,142,1
HZ_0682,RD_080,Road Segment 80,12.975965,80.136438,pothole,low,19.0,1.22,0.8,2024-03-22 19:00,130,0
HZ_0683,RD_019,100 Feet Road Vadapalani,13.052897,80.206415,pothole,high,21.3,1.33,0.63,2024-01-14 16:00,417,1
HZ_0684,RD_002,GST Road,12.977966,80.193272,road_crack,medium,,3.54,0.77,2024-11-12 10:00,151,0
HZ_0685,RD_067,Road Segment 67,13.19421,80.348839,pothole,low,1.8,3.88,0.98,2024-08-02 17:00,83,1
HZ_0686,RD_045,Road Segment 45,12.88764,80.367778,road_crack,high,,1.6,0.93,2024-11-30 22:00,231,0
HZ_0687,RD_080,Road Segment 80,12.977975,80.14781,speed_breaker,medium,,2.55,0.95,2024-12-15 14:00,116,1
HZ_0688,RD_039,Road Segment 39,12.90661,80.324277,speed_breaker,high,,3.59,0.74,2024-05-24 13:00,206,1
HZ_0689,RD_017,Usman Road T Nagar,13.035795,80.245302,speed_breaker,low,,0.67,0.64,2024-05-06 21:00,46,0
HZ_0690,RD_039,Road Segment 39,12.896305,80.326397,road_collapse,low,,0.63,0.98,2024-06-11 09:00,190,0
HZ_0691,RD_027,Road Segment 27,12.878241,80.12892,speed_breaker,medium,,3.04,0.74,2024-12-04 14:00,148,0
HZ_0692,RD_056,Road Segment 56,13.003183,80.173954,pothole,medium,13.6,3.81,0.99,2024-03-06 23:00,197,0
HZ_0693,RD_046,Road Segment 46,12.898818,80.240895,debris,medium,,1.93,0.77,2024-07-16 15:00,112,1
HZ_0694,RD_030,Road Segment 30,13.095149,80.108535,pothole,high,3.6,3.12,0.74,2024-03-07 22:00,412,1
HZ_0695,RD_043,Road Segment 43,12.98466,80.278351,pothole,medium,20.4,1.49,0.93,2024-08-08 17:00,219,1
HZ_0696,RD_007,Poonamallee High Road,13.047707,80.150573,pothole,low,13.0,1.32,0.68,2024-06-29 15:00,139,0
HZ_0697,RD_036,Road Segment 36,13.150897,80.334451,road_crack,low,,1.64,0.81,2024-10-20 19:00,83,1
HZ_0698,RD_002,GST Road,12.981687,80.183266,waterlogging,high,,3.72,0.83,2024-10-21 18:00,373,0
HZ_0699,RD_017,Usman Road T Nagar,13.042819,80.231273,speed_breaker,medium,,1.18,0.97,2024-11-15 09:00,120,1
HZ_0700,RD_077,Road Segment 77,13.091563,80.190083,road_crack,low,,0.66,0.91,2024-10-28 07:00,73,1
HZ_0701,RD_066,Road Segment 66,13.151274,80.117469,road_crack,medium,,3.77,0.97,2024-05-01 11:00,141,1
HZ_0702,RD_004,ECR (East Coast Road),12.842383,80.250021,pothole,medium,7.0,2.57,0.66,2024-08-12 02:00,231,0
HZ_0703,RD_056,Road Segment 56,13.007116,80.16737,pothole,medium,5.9,3.97,0.77,2024-08-04 08:00,227,0
HZ_0704,RD_033,Road Segment 33,13.089825,80.311148,speed_breaker,low,,0.76,0.66,2024-08-23 21:00,20,0
HZ_0705,RD_041,Road Segment 41,13.026539,80.130353,road_crack,medium,,1.83,0.68,2024-11-12 02:00,186,0
HZ_0706,RD_033,Road Segment 33,13.093538,80.305411,waterlogging,medium,,2.23,0.97,2024-09-25 06:00,192,1
HZ_0707,RD_015,Arcot Road,13.054867,80.203362,road_crack,low,,1.5,0.97,2024-11-01 18:00,85,0
HZ_0708,RD_042,Road Segment 42,13.071995,80.348234,pothole,low,7.4,1.45,0.97,2024-06-11 05:00,80,0
HZ_0709,RD_052,Road Segment 52,13.020361,80.122331,waterlogging,low,,1.1,0.83,2024-08-16 19:00,113,0
HZ_0710,RD_067,Road Segment 67,13.203543,80.355499,speed_breaker,low,,0.19,0.9,2024-03-22 09:00,60,1
HZ_0711,RD_016,Patel Road T Nagar,13.036371,80.235253,pothole,high,17.3,3.45,0.62,2024-06-01 08:00,404,1
HZ_0712,RD_020,Kamarajar Salai Marina,13.065406,80.283752,pothole,medium,1.9,1.02,0.64,2024-03-18 06:00,182,0
HZ_0713,RD_071,Road Segment 71,12.964698,80.388783,pothole,low,18.4,2.36,0.66,2024-04-21 13:00,150,1
HZ_0714,RD_026,Road Segment 26,12.999951,80.174227,pothole,low,24.7,2.16,0.74,2024-11-06 01:00,102,0
HZ_0715,RD_066,Road Segment 66,13.149295,80.116054,pothole,medium,10.9,1.85,0.65,2024-07-18 04:00,207,0
HZ_0716,RD_020,Kamarajar Salai Marina,13.062036,80.279995,road_crack,low,,3.56,0.73,2024-12-30 19:00,66,0
HZ_0717,RD_065,Road Segment 65,13.014891,80.224446,pothole,low,15.1,1.67,0.82,2024-02-28 16:00,96,1
HZ_0718,RD_028,Road Segment 28,13.133644,80.320223,pothole,medium,12.3,1.51,0.81,2024-10-18 07:00,221,1
HZ_0719,RD_049,Road Segment 49,13.118429,80.263446,pothole,medium,15.0,1.79,0.72,2024-08-31 01:00,234,0
HZ_0720,RD_018,LB Road Adyar,13.00506,80.255235,speed_breaker,medium,,1.92,0.78,2024-02-10 14:00,94,0
HZ_0721,RD_067,Road Segment 67,13.201142,80.357884,speed_breaker,low,,0.71,0.68,2024-01-09 11:00,60,0
HZ_0722,RD_032,Road Segment 32,13.072498,80.208693,pothole,medium,3.2,3.74,0.85,2024-09-21 12:00,229,0
HZ_0723,RD_067,Road Segment 67,13.196934,80.349813,road_crack,high,,3.03,0.76,2024-04-18 22:00,268,1
HZ_0724,RD_006,Rajiv Gandhi Salai (IT Corridor),12.957719,80.244062,pothole,medium,22.2,2.34,0.82,2024-05-13 07:00,208,1
HZ_0725,RD_036,Road Segment 36,13.146993,80.33804,debris,low,,3.63,0.68,2024-08-16 01:00,11,1
HZ_0726,RD_039,Road Segment 39,12.89371,80.327556,speed_breaker,high,,0.57,0.7,2024-07-22 08:00,224,1
HZ_0727,RD_033,Road Segment 33,13.084379,80.312035,pothole,medium,1.8,1.51,0.99,2024-08-17 19:00,193,0
HZ_0728,RD_039,Road Segment 39,12.885896,80.319574,pothole,medium,19.7,0.54,0.88,2024-07-17 01:00,202,0
HZ_0729,RD_034,Road Segment 34,12.907257,80.315128,pothole,low,13.6,0.62,0.95,2024-08-24 17:00,94,0
HZ_0730,RD_044,Road Segment 44,13.183387,80.358462,pothole,low,6.0,1.8,0.65,2024-10-04 23:00,101,0
HZ_0731,RD_003,OMR (Old Mahabalipuram Road),12.918581,80.236303,pothole,medium,22.4,1.59,0.89,2024-05-09 01:00,231,0
HZ_0732,RD_078,Road Segment 78,13.01448,80.399998,pothole,high,3.8,1.36,0.7,2024-04-19 23:00,410,0
HZ_0733,RD_076,Road Segment 76,13.085272,80.185392,debris,low,,1.89,0.72,2024-10-29 12:00,36,0
HZ_0734,RD_058,Road Segment 58,13.098315,80.111258,pothole,medium,17.0,3.24,0.9,2024-03-22 04:00,246,1
HZ_0735,RD_076,Road Segment 76,13.084093,80.196077,road_collapse,medium,,3.34,0.77,2024-07-24 19:00,539,0
HZ_0736,RD_037,Road Segment 37,12.996232,80.119473,speed_breaker,high,,0.71,0.91,2024-12-01 01:00,189,1
HZ_0737,RD_023,Road Segment 23,12.859436,80.129476,road_crack,low,,3.84,0.71,2024-03-15 19:00,46,0
HZ_0738,RD_057,Road Segment 57,13.05421,80.163095,waterlogging,medium,,1.86,0.96,2024-08-27 08:00,226,0
HZ_0739,RD_025,Road Segment 25,13.06101,80.345599,pothole,medium,3.3,3.29,0.9,2024-08-13 20:00,210,1
HZ_0740,RD_024,Road Segment 24,12.865101,80.156234,debris,medium,,1.59,0.65,2024-04-14 17:00,93,0
HZ_0741,RD_045,Road Segment 45,12.883239,80.355417,road_crack,high,,1.43,0.98,2024-05-29 09:00,239,0
HZ_0742,RD_023,Road Segment 23,12.863059,80.138227,road_collapse,low,,3.57,0.89,2024-06-02 07:00,185,1
HZ_0743,RD_033,Road Segment 33,13.070119,80.310817,road_crack,low,,3.64,0.72,2024-11-25 03:00,57,0
HZ_0744,RD_034,Road Segment 34,12.898019,80.320375,road_crack,low,,3.61,0.84,2024-01-13 17:00,68,0
HZ_0745,RD_068,Road Segment 68,12.987794,80.240901,oil_spill,low,,0.24,0.68,2024-01-03 08:00,80,0
HZ_0746,RD_057,Road Segment 57,13.05469,80.166558,pothole,low,9.2,2.37,0.82,2024-12-18 18:00,128,0
HZ_0747,RD_069,Road Segment 69,12.98633,80.401021,speed_breaker,low,,0.47,0.6,2024-04-10 01:00,17,1
HZ_0748,RD_020,Kamarajar Salai Marina,13.054482,80.281275,speed_breaker,medium,,3.78,0.74,2024-01-25 16:00,139,1
HZ_0749,RD_036,Road Segment 36,13.142923,80.340803,speed_breaker,low,,2.04,0.92,2024-03-21 22:00,60,0
HZ_0750,RD_070,Road Segment 70,13.002363,80.386048,pothole,low,13.7,1.78,0.71,2024-02-28 03:00,125,1
HZ_0751,RD_057,Road Segment 57,13.056557,80.162198,pothole,low,1.1,0.3,0.93,2024-12-24 12:00,80,0
HZ_0752,RD_016,Patel Road T Nagar,13.042993,80.229738,pothole,low,8.2,0.6,0.84,2024-06-09 09:00,130,0
HZ_0753,RD_055,Road Segment 55,12.998984,80.306862,debris,medium,,3.09,0.93,2024-02-03 13:00,94,0
HZ_0754,RD_061,Road Segment 61,13.127966,80.161212,pothole,high,15.3,2.64,0.83,2024-10-04 13:00,445,0
HZ_0755,RD_022,Road Segment 22,12.89638,80.130012,pothole,high,24.3,1.07,0.94,2024-07-28 13:00,388,0
HZ_0756,RD_052,Road Segment 52,13.026782,80.119848,road_crack,low,,1.09,0.94,2024-03-10 22:00,81,0
HZ_0757,RD_005,NH-16 (Chennai-Kolkata Highway),13.14753,80.288354,debris,high,,2.76,0.89,2024-08-14 12:00,179,0
HZ_0758,RD_027,Road Segment 27,12.888208,80.137486,road_crack,medium,,0.11,0.72,2024-07-24 19:00,170,1
HZ_0759,RD_033,Road Segment 33,13.084728,80.313725,pothole,medium,9.6,2.74,0.95,2024-09-13 04:00,199,0
HZ_0760,RD_036,Road Segment 36,13.147606,80.335878,pothole,medium,3.3,3.77,0.92,2024-11-16 00:00,225,0
HZ_0761,RD_034,Road Segment 34,12.913885,80.322544,road_collapse,medium,,2.9,0.83,2024-04-06 00:00,494,0
HZ_0762,RD_018,LB Road Adyar,12.999086,80.257125,speed_breaker,medium,,1.05,0.67,2024-03-02 07:00,122,0
HZ_0763,RD_016,Patel Road T Nagar,13.035945,80.234317,pothole,high,4.9,1.19,0.67,2024-11-29 21:00,416,0
HZ_0764,RD_066,Road Segment 66,13.159049,80.115576,pothole,low,21.0,3.94,0.97,2024-03-28 20:00,117,1
HZ_0765,RD_059,Road Segment 59,12.881648,80.167789,road_crack,low,,3.21,0.62,2024-05-19 11:00,50,1
HZ_0766,RD_063,Road Segment 63,13.196666,80.125711,pothole,medium,14.1,2.49,0.69,2024-02-23 14:00,227,1
HZ_0767,RD_063,Road Segment 63,13.186867,80.12722,oil_spill,medium,,1.94,0.93,2024-11-09 01:00,143,0
HZ_0768,RD_060,Road Segment 60,12.89494,80.373741,road_crack,medium,,1.7,0.87,2024-10-04 20:00,163,1
HZ_0769,RD_026,Road Segment 26,13.001812,80.182501,speed_breaker,low,,1.85,0.74,2024-04-18 12:00,54,1
HZ_0770,RD_072,Road Segment 72,12.870141,80.264654,pothole,medium,14.6,1.69,0.88,2024-10-09 10:00,239,1
HZ_0771,RD_047,Road Segment 47,13.152764,80.178456,pothole,medium,24.4,3.01,0.7,2024-02-28 02:00,225,0
HZ_0772,RD_062,Road Segment 62,12.972125,80.21829,road_crack,low,,2.21,0.89,2024-12-18 01:00,83,0
HZ_0773,RD_015,Arcot Road,13.058709,80.207827,pothole,high,16.3,2.36,0.99,2024-07-03 17:00,413,0
HZ_0774,RD_013,Cathedral Road,13.060188,80.24943,debris,low,,1.08,0.67,2024-11-08 02:00,66,0
HZ_0775,RD_018,LB Road Adyar,12.995435,80.250581,pothole,medium,7.8,2.59,0.93,2024-03-19 04:00,234,0
HZ_0776,RD_011,Velachery Main Road,12.980072,80.217494,speed_breaker,medium,,3.19,0.74,2024-03-03 09:00,128,0
HZ_0777,RD_008,Grand Southern Trunk Road,12.978041,80.102647,road_crack,low,,0.5,0.98,2024-03-16 10:00,68,0
HZ_0778,RD_058,Road Segment 58,13.088763,80.114554,road_crack,high,,1.9,0.7,2024-11-02 11:00,234,0
HZ_0779,RD_014,Nungambakkam High Road,13.066906,80.240911,road_crack,high,,1.85,0.71,2024-08-10 12:00,258,0
HZ_0780,RD_078,Road Segment 78,13.016776,80.397081,speed_breaker,low,,4.0,0.66,2024-03-13 04:00,49,0
HZ_0781,RD_048,Road Segment 48,13.150849,80.19132,pothole,medium,10.3,0.59,0.68,2024-05-03 21:00,241,1
HZ_0782,RD_003,OMR (Old Mahabalipuram Road),12.911822,80.228426,pothole,low,3.9,3.47,0.67,2024-06-24 23:00,83,0
HZ_0783,RD_075,Road Segment 75,12.874757,80.126552,pothole,low,14.5,1.76,0.61,2024-01-21 18:00,98,1
HZ_0784,RD_043,Road Segment 43,12.995111,80.28454,pothole,low,21.0,2.33,0.8,2024-01-18 05:00,140,0
HZ_0785,RD_036,Road Segment 36,13.140146,80.340539,speed_breaker,medium,,3.19,0.97,2024-07-18 00:00,148,1
HZ_0786,RD_052,Road Segment 52,13.023238,80.113584,road_crack,low,,1.07,0.78,2024-05-25 22:00,87,0
HZ_0787,RD_057,Road Segment 57,13.061368,80.160238,pothole,low,7.5,1.81,0.8,2024-04-20 23:00,148,1
HZ_0788,RD_015,Arcot Road,13.049812,80.203917,debris,low,,3.94,0.61,2024-08-22 20:00,66,0
HZ_0789,RD_006,Rajiv Gandhi Salai (IT Corridor),12.964448,80.222813,speed_breaker,medium,,1.12,0.85,2024-06-13 03:00,90,1
HZ_0790,RD_047,Road Segment 47,13.15008,80.18536,pothole,medium,10.4,1.11,0.93,2024-01-26 21:00,218,0
HZ_0791,RD_029,Road Segment 29,13.044148,80.33907,pothole,medium,19.9,2.12,0.63,2024-04-19 02:00,235,0
HZ_0792,RD_052,Road Segment 52,13.017989,80.124724,oil_spill,low,,2.52,0.64,2024-09-10 17:00,41,1
HZ_0793,RD_055,Road Segment 55,12.989955,80.307869,speed_breaker,high,,1.81,0.77,2024-07-06 13:00,210,1
HZ_0794,RD_061,Road Segment 61,13.141787,80.156284,debris,medium,,1.18,0.98,2024-01-11 23:00,83,0
HZ_0795,RD_032,Road Segment 32,13.072513,80.208974,pothole,low,5.4,0.7,0.83,2024-08-21 02:00,146,0
HZ_0796,RD_078,Road Segment 78,13.010736,80.397513,speed_breaker,low,,3.39,0.62,2024-05-06 16:00,58,0
HZ_0797,RD_004,ECR (East Coast Road),12.845227,80.253294,road_crack,low,,3.43,0.99,2024-09-19 14:00,36,0
HZ_0798,RD_015,Arcot Road,13.04402,80.203868,pothole,low,7.0,3.4,0.67,2024-08-04 14:00,103,0
HZ_0799,RD_015,Arcot Road,13.051106,80.210261,pothole,medium,11.6,1.81,0.65,2024-01-31 19:00,214,0
HZ_0800,RD_066,Road Segment 66,13.156159,80.133947,pothole,high,21.3,2.67,0.79,2024-09-25 15:00,403,0
HZ_0801,RD_040,Road Segment 40,13.004928,80.268356,pothole,high,20.2,2.48,0.62,2024-07-08 04:00,384,1
HZ_0802,RD_061,Road Segment 61,13.129574,80.152702,waterlogging,medium,,3.37,0.88,2024-11-19 01:00,211,0
HZ_0803,RD_021,Road Segment 21,13.071892,80.119375,debris,medium,,2.69,0.89,2024-02-18 10:00,129,0
HZ_0804,RD_023,Road Segment 23,12.865815,80.128688,speed_breaker,low,,1.54,0.98,2024-11-17 20:00,31,0
HZ_0805,RD_002,GST Road,12.97296,80.186186,road_collapse,low,,0.39,0.75,2024-01-04 23:00,250,1
HZ_0806,RD_075,Road Segment 75,12.864987,80.127022,speed_breaker,medium,,3.94,0.66,2024-10-20 06:00,139,0
HZ_0807,RD_054,Road Segment 54,13.001985,80.16051,oil_spill,low,,2.03,0.65,2024-02-14 00:00,35,0
HZ_0808,RD_065,Road Segment 65,13.005243,80.229571,pothole,medium,11.2,2.83,0.76,2024-03-21 09:00,184,0
HZ_0809,RD_065,Road Segment 65,13.010026,80.224916,waterlogging,low,,3.98,0.68,2024-03-05 15:00,79,1
HZ_0810,RD_026,Road Segment 26,13.001431,80.189018,pothole,low,13.7,3.64,0.63,2024-04-06 16:00,103,0
HZ_0811,RD_048,Road Segment 48,13.152212,80.198426,speed_breaker,medium,,3.21,0.7,2024-02-21 09:00,90,0
HZ_0812,RD_047,Road Segment 47,13.151178,80.175986,speed_breaker,medium,,0.66,0.84,2024-08-07 02:00,86,0
HZ_0813,RD_007,Poonamallee High Road,13.046093,80.146752,waterlogging,low,,2.04,0.83,2024-09-01 11:00,113,0
HZ_0814,RD_074,Road Segment 74,12.990484,80.372494,speed_breaker,high,,3.37,0.69,2024-04-07 03:00,199,0
HZ_0815,RD_051,Road Segment 51,12.876286,80.365931,road_collapse,medium,,3.84,0.77,2024-12-08 01:00,484,1
HZ_0816,RD_009,Inner Ring Road,13.018785,80.201828,pothole,high,18.2,1.96,0.86,2024-02-03 02:00,388,1
HZ_0817,RD_057,Road Segment 57,13.05599,80.162192,debris,medium,,3.51,0.86,2024-11-09 02:00,78,0
HZ_0818,RD_007,Poonamallee High Road,13.047982,80.149498,pothole,high,2.5,3.52,0.65,2024-09-01 06:00,414,0
HZ_0819,RD_066,Road Segment 66,13.151761,80.116321,road_crack,high,,1.09,0.98,2024-10-22 19:00,259,0
HZ_0820,RD_080,Road Segment 80,12.981401,80.140452,pothole,low,15.0,1.4,0.8,2024-06-08 08:00,114,0
HZ_0821,RD_001,Anna Salai (Mount Road),13.074985,80.257146,road_crack,medium,,1.87,0.81,2024-06-09 01:00,168,1
HZ_0822,RD_058,Road Segment 58,13.101975,80.128712,debris,medium,,2.61,0.96,2024-06-13 04:00,120,0
HZ_0823,RD_046,Road Segment 46,12.896383,80.228363,pothole,high,8.4,3.48,0.98,2024-06-19 16:00,384,0
HZ_0824,RD_012,Sardar Patel Road,13.004759,80.217617,road_crack,high,,3.34,0.64,2024-06-11 07:00,281,0
HZ_0825,RD_072,Road Segment 72,12.873988,80.269729,pothole,low,18.5,2.75,0.79,2024-03-20 15:00,119,1
HZ_0826,RD_036,Road Segment 36,13.140666,80.333125,road_crack,low,,0.71,0.81,2024-05-25 04:00,51,1
HZ_0827,RD_071,Road Segment 71,12.958205,80.391593,road_crack,high,,3.0,0.83,2024-12-18 08:00,235,0
HZ_0828,RD_031,Road Segment 31,13.149727,80.364632,pothole,low,11.0,3.42,0.73,2024-04-08 16:00,143,0
HZ_0829,RD_029,Road Segment 29,13.036736,80.347902,pothole,high,12.9,3.14,0.75,2024-06-28 06:00,380,0
HZ_0830,RD_019,100 Feet Road Vadapalani,13.053159,80.206426,debris,medium,,0.28,0.82,2024-05-04 12:00,108,0
HZ_0831,RD_040,Road Segment 40,13.00224,80.264138,pothole,low,20.8,2.8,0.66,2024-10-10 19:00,123,0
HZ_0832,RD_053,Road Segment 53,13.017948,80.264562,speed_breaker,low,,1.63,0.67,2024-12-20 02:00,51,0
HZ_0833,RD_049,Road Segment 49,13.117518,80.260466,speed_breaker,medium,,3.03,0.97,2024-02-04 03:00,82,0
HZ_0834,RD_031,Road Segment 31,13.147266,80.350687,speed_breaker,low,,1.94,0.99,2024-07-22 23:00,27,0
HZ_0835,RD_003,OMR (Old Mahabalipuram Road),12.93159,80.229646,road_crack,medium,,3.99,0.64,2024-09-30 13:00,173,0
HZ_0836,RD_010,Outer Ring Road,12.995491,80.155107,pothole,low,11.5,2.31,0.88,2024-12-19 01:00,101,0
HZ_0837,RD_025,Road Segment 25,13.052022,80.340546,speed_breaker,high,,0.69,0.99,2024-02-19 14:00,237,0
HZ_0838,RD_002,GST Road,12.972324,80.189017,speed_breaker,low,,3.15,0.67,2024-05-26 19:00,55,1
HZ_0839,RD_024,Road Segment 24,12.852075,80.163273,pothole,medium,12.2,3.21,0.74,2024-06-09 13:00,192,0
HZ_0840,RD_071,Road Segment 71,12.953243,80.393166,speed_breaker,high,,1.78,0.62,2024-02-26 03:00,192,0
HZ_0841,RD_036,Road Segment 36,13.148851,80.333698,pothole,medium,12.1,1.48,0.8,2024-03-21 15:00,214,1
HZ_0842,RD_030,Road Segment 30,13.104419,80.108624,pothole,low,1.6,0.95,0.89,2024-01-04 13:00,83,0
HZ_0843,RD_057,Road Segment 57,13.048752,80.165874,debris,medium,,1.98,0.84,2024-06-22 05:00,85,0
HZ_0844,RD_056,Road Segment 56,13.005515,80.172424,debris,high,,3.77,0.66,2024-07-31 09:00,167,0
HZ_0845,RD_080,Road Segment 80,12.977676,80.148047,pothole,medium,1.6,1.91,0.8,2024-11-06 12:00,183,0
HZ_0846,RD_012,Sardar Patel Road,13.00732,80.21488,waterlogging,low,,1.7,0.9,2024-03-28 17:00,66,0
HZ_0847,RD_056,Road Segment 56,13.007273,80.167961,pothole,medium,22.0,0.83,0.94,2024-10-28 07:00,183,0
HZ_0848,RD_030,Road Segment 30,13.090939,80.108222,speed_breaker,high,,3.61,0.66,2024-08-27 10:00,231,0
HZ_0849,RD_015,Arcot Road,13.051014,80.215218,road_crack,medium,,1.87,0.65,2024-11-01 13:00,190,1
HZ_0850,RD_021,Road Segment 21,13.075106,80.101438,pothole,low,19.1,2.76,0.75,2024-05-07 19:00,90,1
HZ_0851,RD_078,Road Segment 78,13.012352,80.39533,speed_breaker,medium,,1.48,0.72,2024-01-26 21:00,101,0
HZ_0852,RD_080,Road Segment 80,12.981023,80.148473,road_collapse,low,,1.44,0.73,2024-08-12 17:00,192,0
HZ_0853,RD_002,GST Road,12.972004,80.191674,pothole,medium,10.0,3.46,0.78,2024-01-14 21:00,194,0
HZ_0854,RD_077,Road Segment 77,13.082889,80.194813,pothole,medium,24.5,1.37,0.93,2024-09-29 04:00,195,0
HZ_0855,RD_077,Road Segment 77,13.07758,80.191196,debris,low,,3.84,0.96,2024-07-10 04:00,21,0
HZ_0856,RD_064,Road Segment 64,13.131845,80.128685,road_crack,medium,,1.23,0.8,2024-02-24 02:00,165,0
HZ_0857,RD_061,Road Segment 61,13.125661,80.153704,road_crack,medium,,3.0,0.72,2024-04-09 09:00,164,0
HZ_0858,RD_056,Road Segment 56,13.007823,80.173098,pothole,high,18.3,1.87,0.68,2024-06-07 20:00,395,1
HZ_0859,RD_021,Road Segment 21,13.079367,80.097004,pothole,low,4.9,3.15,0.98,2024-11-02 16:00,95,0
HZ_0860,RD_048,Road Segment 48,13.150333,80.194608,debris,low,,3.54,0.83,2024-04-10 23:00,46,0
HZ_0861,RD_019,100 Feet Road Vadapalani,13.048694,80.202084,pothole,high,15.0,3.72,0.64,2024-07-14 08:00,397,0
HZ_0862,RD_034,Road Segment 34,12.909881,80.317882,debris,high,,1.86,0.61,2024-11-22 03:00,166,0
HZ_0863,RD_030,Road Segment 30,13.095005,80.109458,pothole,low,18.1,3.12,0.75,2024-12-17 09:00,140,0
HZ_0864,RD_003,OMR (Old Mahabalipuram Road),12.920988,80.234624,pothole,medium,12.0,3.01,0.88,2024-01-16 00:00,187,0
HZ_0865,RD_079,Road Segment 79,12.921741,80.176326,pothole,low,4.9,2.83,0.7,2024-07-28 01:00,100,1
HZ_0866,RD_070,Road Segment 70,12.995704,80.381739,road_crack,high,,2.0,0.85,2024-02-05 07:00,294,0
HZ_0867,RD_022,Road Segment 22,12.897063,80.136152,pothole,high,22.9,2.24,0.8,2024-01-17 16:00,381,0
HZ_0868,RD_019,100 Feet Road Vadapalani,13.055451,80.20495,waterlogging,medium,,1.67,0.76,2024-02-21 14:00,246,0
HZ_0869,RD_019,100 Feet Road Vadapalani,13.055244,80.216154,road_crack,high,,1.47,0.89,2024-12-15 08:00,250,0
HZ_0870,RD_079,Road Segment 79,12.921824,80.181479,pothole,high,16.9,3.74,0.72,2024-10-15 20:00,394,0
HZ_0871,RD_030,Road Segment 30,13.098093,80.117284,speed_breaker,medium,,1.95,0.96,2024-12-07 03:00,119,1
HZ_0872,RD_051,Road Segment 51,12.871526,80.357181,road_crack,high,,1.55,0.89,2024-02-28 20:00,289,0
HZ_0873,RD_002,GST Road,12.968075,80.180072,pothole,medium,18.2,2.4,0.8,2024-12-09 03:00,181,0
HZ_0874,RD_039,Road Segment 39,12.899722,80.316348,speed_breaker,low,,1.32,0.63,2024-11-11 04:00,70,0
HZ_0875,RD_031,Road Segment 31,13.154949,80.360625,pothole,low,2.7,0.84,0.78,2024-01-28 08:00,99,0
HZ_0876,RD_071,Road Segment 71,12.962568,80.39279,pothole,medium,3.4,2.04,0.61,2024-01-13 01:00,196,1
HZ_0877,RD_062,Road Segment 62,12.965266,80.221977,road_crack,low,,0.92,0.66,2024-11-26 19:00,84,0
HZ_0878,RD_066,Road Segment 66,13.164595,80.125602,speed_breaker,low,,3.13,0.7,2024-11-16 02:00,48,0
HZ_0879,RD_002,GST Road,12.976045,80.191984,waterlogging,low,,2.89,0.84,2024-06-22 01:00,70,1
HZ_0880,RD_015,Arcot Road,13.04728,80.211141,road_crack,low,,3.12,0.67,2024-03-12 01:00,85,1
HZ_0881,RD_063,Road Segment 63,13.191889,80.121937,debris,medium,,2.21,0.68,2024-10-07 13:00,65,1
HZ_0882,RD_066,Road Segment 66,13.162005,80.119893,waterlogging,low,,0.36,0.97,2024-08-27 15:00,92,1
HZ_0883,RD_004,ECR (East Coast Road),12.853063,80.251938,pothole,medium,4.6,2.9,0.97,2024-03-14 07:00,246,0
HZ_0884,RD_066,Road Segment 66,13.159646,80.131464,pothole,high,8.5,1.45,0.79,2024-11-01 07:00,399,0
HZ_0885,RD_041,Road Segment 41,13.029819,80.125042,speed_breaker,high,,2.29,0.71,2024-06-28 20:00,249,1
HZ_0886,RD_063,Road Segment 63,13.192726,80.129935,pothole,low,24.3,3.39,0.68,2024-05-06 02:00,136,0
HZ_0887,RD_024,Road Segment 24,12.864832,80.160263,road_crack,high,,0.29,0.79,2024-05-06 15:00,257,0
HZ_0888,RD_047,Road Segment 47,13.15255,80.179771,road_crack,medium,,1.96,0.64,2024-05-11 17:00,169,0
HZ_0889,RD_079,Road Segment 79,12.924576,80.168411,pothole,medium,13.2,1.1,0.86,2024-02-15 07:00,204,0
HZ_0890,RD_024,Road Segment 24,12.862079,80.156242,speed_breaker,high,,2.8,0.67,2024-06-16 12:00,204,1
HZ_0891,RD_070,Road Segment 70,12.999698,80.388443,road_crack,high,,2.14,0.91,2024-10-25 22:00,271,0
HZ_0892,RD_048,Road Segment 48,13.162708,80.185225,road_crack,low,,1.62,0.95,2024-11-12 22:00,30,1
HZ_0893,RD_080,Road Segment 80,12.980344,80.150504,debris,low,,3.83,0.8,2024-02-27 08:00,47,0
HZ_0894,RD_059,Road Segment 59,12.881045,80.177111,waterlogging,medium,,1.9,0.98,2024-06-05 17:00,247,1
HZ_0895,RD_070,Road Segment 70,12.994501,80.385404,speed_breaker,low,,1.62,0.93,2024-07-19 10:00,40,1
HZ_0896,RD_069,Road Segment 69,12.991109,80.399729,pothole,low,10.6,1.17,0.64,2024-08-29 06:00,143,0
HZ_0897,RD_080,Road Segment 80,12.978105,80.147046,pothole,high,11.3,2.14,0.7,2024-11-26 01:00,435,1
HZ_0898,RD_035,Road Segment 35,12.947402,80.363504,road_crack,high,,1.1,0.62,2024-01-18 13:00,269,1
HZ_0899,RD_003,OMR (Old Mahabalipuram Road),12.919713,80.220745,road_crack,medium,,3.75,0.97,2024-08-13 15:00,176,0
HZ_0900,RD_003,OMR (Old Mahabalipuram Road),12.921862,80.223063,pothole,medium,9.0,1.43,0.84,2024-09-25 13:00,222,0
HZ_0901,RD_044,Road Segment 44,13.183217,80.361444,waterlogging,low,,1.53,0.97,2024-12-31 16:00,86,1
HZ_0902,RD_036,Road Segment 36,13.147072,80.339032,pothole,medium,5.4,3.08,0.92,2024-10-29 11:00,222,0
HZ_0903,RD_050,Road Segment 50,13.015365,80.138239,pothole,medium,18.1,1.98,0.66,2024-12-28 17:00,187,0
HZ_0904,RD_037,Road Segment 37,12.989945,80.118081,pothole,medium,8.5,2.44,0.8,2024-12-05 00:00,232,0
HZ_0905,RD_033,Road Segment 33,13.074523,80.313957,pothole,low,12.9,2.68,0.93,2024-04-24 02:00,125,0
HZ_0906,RD_037,Road Segment 37,12.997492,80.123276,pothole,low,6.5,1.21,0.8,2024-05-31 02:00,134,0
HZ_0907,RD_010,Outer Ring Road,13.004995,80.151774,pothole,high,6.4,1.76,0.99,2024-02-24 09:00,380,1
HZ_0908,RD_024,Road Segment 24,12.860502,80.151486,pothole,low,9.5,2.71,0.97,2024-08-05 18:00,115,0
HZ_0909,RD_028,Road Segment 28,13.117968,80.318335,oil_spill,medium,,0.32,0.88,2024-01-26 15:00,151,0
HZ_0910,RD_021,Road Segment 21,13.068842,80.103304,speed_breaker,medium,,1.89,0.92,2024-10-18 07:00,108,0
HZ_0911,RD_053,Road Segment 53,13.02346,80.26916,pothole,medium,6.4,1.07,0.79,2024-02-12 18:00,207,0
HZ_0912,RD_030,Road Segment 30,13.105606,80.118702,road_crack,high,,2.51,0.86,2024-11-13 13:00,278,0
HZ_0913,RD_055,Road Segment 55,12.984529,80.296712,road_crack,medium,,3.89,0.88,2024-04-08 21:00,142,0
HZ_0914,RD_062,Road Segment 62,12.969182,80.224374,speed_breaker,medium,,1.91,0.76,2024-03-05 20:00,128,0
HZ_0915,RD_040,Road Segment 40,12.992283,80.270734,waterlogging,low,,1.46,0.65,2024-04-05 15:00,124,0
HZ_0916,RD_036,Road Segment 36,13.140832,80.340055,road_crack,low,,0.16,0.98,2024-05-17 20:00,31,0
HZ_0917,RD_073,Road Segment 73,12.881579,80.160753,oil_spill,low,,2.64,0.71,2024-08-28 13:00,93,0
HZ_0918,RD_010,Outer Ring Road,13.005499,80.154299,road_crack,medium,,1.11,0.62,2024-12-11 17:00,135,1
HZ_0919,RD_039,Road Segment 39,12.895744,80.327356,pothole,low,10.4,2.92,0.65,2024-02-05 21:00,115,0
HZ_0920,RD_027,Road Segment 27,12.87887,80.121075,pothole,low,24.1,3.48,0.69,2024-10-11 08:00,130,1
HZ_0921,RD_044,Road Segment 44,13.181436,80.362223,speed_breaker,medium,,3.33,0.93,2024-11-29 09:00,124,1
HZ_0922,RD_034,Road Segment 34,12.90817,80.31411,pothole,medium,17.8,0.34,0.72,2024-09-12 00:00,180,0
HZ_0923,RD_060,Road Segment 60,12.895619,80.374904,debris,high,,0.85,0.65,2024-08-21 00:00,146,0
HZ_0924,RD_050,Road Segment 50,13.018017,80.123549,speed_breaker,high,,1.13,0.64,2024-04-09 21:00,238,0
HZ_0925,RD_027,Road Segment 27,12.886015,80.119529,road_crack,medium,,1.26,0.85,2024-12-29 07:00,176,1
HZ_0926,RD_031,Road Segment 31,13.147878,80.348339,pothole,medium,3.2,0.37,0.64,2024-11-08 10:00,197,0
HZ_0927,RD_076,Road Segment 76,13.091981,80.194629,oil_spill,low,,0.67,0.93,2024-08-13 21:00,56,0
HZ_0928,RD_031,Road Segment 31,13.14885,80.363928,debris,medium,,1.27,0.91,2024-04-15 16:00,100,0
HZ_0929,RD_024,Road Segment 24,12.860482,80.152654,speed_breaker,low,,0.95,0.94,2024-07-30 00:00,63,0
HZ_0930,RD_003,OMR (Old Mahabalipuram Road),12.924505,80.22423,debris,high,,3.32,0.92,2024-01-22 09:00,150,1
HZ_0931,RD_056,Road Segment 56,13.005821,80.179668,pothole,medium,17.8,1.7,0.98,2024-12-31 01:00,241,0
HZ_0932,RD_017,Usman Road T Nagar,13.042824,80.234067,speed_breaker,medium,,2.81,0.94,2024-06-07 00:00,114,1
HZ_0933,RD_074,Road Segment 74,12.992506,80.384789,waterlogging,medium,,0.29,0.75,2024-02-14 20:00,234,1
HZ_0934,RD_022,Road Segment 22,12.900512,80.13918,speed_breaker,low,,1.21,0.62,2024-05-22 15:00,21,1
HZ_0935,RD_026,Road Segment 26,12.995241,80.180034,road_crack,low,,0.57,0.82,2024-08-25 10:00,53,1
HZ_0936,RD_004,ECR (East Coast Road),12.860636,80.244679,road_crack,low,,1.0,0.74,2024-07-17 06:00,41,0
HZ_0937,RD_059,Road Segment 59,12.870775,80.174557,pothole,medium,14.0,0.95,0.65,2024-02-16 19:00,203,0
HZ_0938,RD_080,Road Segment 80,12.977987,80.148173,speed_breaker,medium,,3.91,0.72,2024-10-30 01:00,124,0
HZ_0939,RD_053,Road Segment 53,13.009194,80.262211,speed_breaker,high,,3.31,0.8,2024-08-15 05:00,231,0
HZ_0940,RD_007,Poonamallee High Road,13.049691,80.15628,waterlogging,high,,3.74,0.78,2024-04-02 14:00,332,0
HZ_0941,RD_066,Road Segment 66,13.15587,80.121874,waterlogging,low,,0.84,0.62,2024-10-20 13:00,63,0
HZ_0942,RD_067,Road Segment 67,13.191741,80.341711,waterlogging,low,,1.55,0.84,2024-02-11 13:00,120,0
HZ_0943,RD_023,Road Segment 23,12.86614,80.125858,pothole,low,11.4,3.31,0.88,2024-03-05 19:00,115,1
HZ_0944,RD_031,Road Segment 31,13.150939,80.364933,pothole,low,3.5,1.23,0.94,2024-09-15 07:00,115,0
HZ_0945,RD_037,Road Segment 37,12.997128,80.120365,speed_breaker,medium,,3.34,0.71,2024-05-28 20:00,91,0
HZ_0946,RD_027,Road Segment 27,12.891878,80.126527,road_crack,medium,,0.28,0.95,2024-05-09 16:00,178,1
HZ_0947,RD_018,LB Road Adyar,12.999265,80.257368,pothole,medium,4.4,0.68,0.96,2024-07-07 14:00,249,0
HZ_0948,RD_011,Velachery Main Road,12.975208,80.217554,waterlogging,low,,3.2,0.68,2024-03-02 07:00,115,0
HZ_0949,RD_010,Outer Ring Road,13.003405,80.15219,oil_spill,low,,0.75,0.86,2024-06-11 09:00,47,1
HZ_0950,RD_080,Road Segment 80,12.979636,80.144658,speed_breaker,high,,2.06,0.84,2024-03-11 14:00,230,0
HZ_0951,RD_039,Road Segment 39,12.905612,80.330793,pothole,high,21.3,2.07,0.65,2024-09-16 15:00,442,0
HZ_0952,RD_033,Road Segment 33,13.077724,80.308124,road_crack,low,,3.85,0.73,2024-10-22 07:00,48,1
HZ_0953,RD_032,Road Segment 32,13.076854,80.209216,road_crack,medium,,0.92,0.64,2024-08-29 10:00,196,0
HZ_0954,RD_046,Road Segment 46,12.893689,80.228517,speed_breaker,low,,1.32,0.76,2024-02-14 01:00,27,0
HZ_0955,RD_056,Road Segment 56,13.014652,80.168409,speed_breaker,low,,2.5,0.67,2024-06-04 08:00,80,1
HZ_0956,RD_006,Rajiv Gandhi Salai (IT Corridor),12.958533,80.232297,waterlogging,high,,3.59,0.94,2024-11-21 08:00,366,0
HZ_0957,RD_004,ECR (East Coast Road),12.851276,80.242671,road_crack,medium,,0.27,0.69,2024-06-22 10:00,139,1
HZ_0958,RD_041,Road Segment 41,13.033842,80.127663,speed_breaker,high,,1.45,0.75,2024-12-24 11:00,183,1
HZ_0959,RD_025,Road Segment 25,13.054547,80.353158,road_crack,medium,,3.13,0.64,2024-05-11 10:00,176,1
HZ_0960,RD_021,Road Segment 21,13.073494,80.117477,road_crack,medium,,2.8,0.85,2024-06-10 09:00,152,0
HZ_0961,RD_053,Road Segment 53,13.015701,80.268842,speed_breaker,medium,,1.14,0.73,2024-06-30 05:00,85,0
HZ_0962,RD_027,Road Segment 27,12.889845,80.127754,speed_breaker,medium,,2.14,0.95,2024-02-22 04:00,134,0
HZ_0963,RD_025,Road Segment 25,13.053924,80.341671,road_crack,low,,0.48,0.63,2024-08-05 09:00,38,0
HZ_0964,RD_042,Road Segment 42,13.066806,80.333883,road_crack,high,,2.22,0.71,2024-12-29 13:00,285,0
HZ_0965,RD_055,Road Segment 55,12.984724,80.301774,road_crack,low,,3.5,0.88,2024-03-14 19:00,41,0
HZ_0966,RD_023,Road Segment 23,12.856977,80.123005,waterlogging,high,,2.16,0.71,2024-08-14 02:00,334,1
HZ_0967,RD_050,Road Segment 50,13.015391,80.135525,waterlogging,low,,3.8,0.61,2024-10-08 08:00,98,0
HZ_0968,RD_062,Road Segment 62,12.976024,80.224901,pothole,low,4.1,3.85,0.72,2024-02-20 13:00,136,0
HZ_0969,RD_071,Road Segment 71,12.952414,80.392155,debris,low,,0.81,0.67,2024-11-29 00:00,46,0
HZ_0970,RD_024,Road Segment 24,12.860934,80.155838,debris,high,,1.52,0.94,2024-12-01 23:00,190,0
HZ_0971,RD_038,Road Segment 38,13.033868,80.370213,waterlogging,high,,2.79,0.63,2024-05-07 19:00,376,1
HZ_0972,RD_008,Grand Southern Trunk Road,12.974008,80.109179,pothole,high,2.6,0.75,0.86,2024-03-09 16:00,390,1
HZ_0973,RD_043,Road Segment 43,12.982891,80.276735,pothole,high,24.5,2.4,0.79,2024-12-03 03:00,403,0
HZ_0974,RD_050,Road Segment 50,13.017182,80.131462,waterlogging,low,,3.76,0.83,2024-11-27 10:00,73,0
HZ_0975,RD_078,Road Segment 78,13.012751,80.401977,pothole,high,8.0,0.67,0.76,2024-02-15 14:00,426,0
HZ_0976,RD_034,Road Segment 34,12.905324,80.317685,speed_breaker,high,,0.75,0.66,2024-08-25 13:00,201,1
HZ_0977,RD_045,Road Segment 45,12.884006,80.363048,pothole,low,1.2,3.85,0.88,2024-05-15 13:00,117,1
HZ_0978,RD_067,Road Segment 67,13.199277,80.353841,pothole,medium,2.7,2.59,0.85,2024-11-01 16:00,181,0
HZ_0979,RD_035,Road Segment 35,12.946189,80.36654,road_crack,high,,0.96,0.97,2024-11-17 00:00,250,0
HZ_0980,RD_020,Kamarajar Salai Marina,13.069264,80.288374,pothole,low,10.2,0.61,0.75,2024-05-27 02:00,108,1
HZ_0981,RD_002,GST Road,12.964801,80.194571,pothole,medium,21.8,2.77,0.9,2024-04-24 06:00,198,0
HZ_0982,RD_052,Road Segment 52,13.021866,80.115656,debris,low,,1.72,0.76,2024-04-18 00:00,10,1
HZ_0983,RD_060,Road Segment 60,12.897456,80.392171,waterlogging,low,,3.08,0.7,2024-11-11 20:00,84,1
HZ_0984,RD_024,Road Segment 24,12.859791,80.16825,road_crack,medium,,2.19,0.98,2024-11-02 07:00,141,0
HZ_0985,RD_072,Road Segment 72,12.867341,80.277725,debris,medium,,3.44,0.76,2024-04-07 19:00,72,0
HZ_0986,RD_029,Road Segment 29,13.05005,80.348419,pothole,high,14.2,2.16,0.91,2024-05-16 08:00,408,0
HZ_0987,RD_014,Nungambakkam High Road,13.053109,80.251291,debris,medium,,1.65,0.67,2024-02-03 21:00,80,0
HZ_0988,RD_004,ECR (East Coast Road),12.852181,80.254116,pothole,medium,1.6,0.7,0.61,2024-04-16 20:00,198,0
HZ_0989,RD_035,Road Segment 35,12.947152,80.373862,pothole,medium,7.1,2.06,0.76,2024-02-03 07:00,225,1
HZ_0990,RD_003,OMR (Old Mahabalipuram Road),12.910961,80.220696,speed_breaker,medium,,3.45,0.76,2024-06-26 11:00,84,0
HZ_0991,RD_052,Road Segment 52,13.028668,80.12278,pothole,high,21.1,3.7,0.91,2024-03-04 16:00,414,1
HZ_0992,RD_065,Road Segment 65,13.009285,80.225828,speed_breaker,low,,2.0,0.96,2024-08-18 13:00,56,0
HZ_0993,RD_034,Road Segment 34,12.91391,80.318845,pothole,low,4.8,3.38,0.78,2024-10-26 05:00,115,0
HZ_0994,RD_070,Road Segment 70,12.989107,80.391212,road_crack,medium,,0.63,0.72,2024-08-25 05:00,157,0
HZ_0995,RD_014,Nungambakkam High Road,13.051695,80.237188,pothole,low,3.0,3.82,0.86,2024-04-07 12:00,114,1
HZ_0996,RD_063,Road Segment 63,13.192454,80.137234,pothole,medium,16.7,1.53,0.92,2024-04-03 21:00,200,1
HZ_0997,RD_021,Road Segment 21,13.0759,80.099122,pothole,medium,1.4,1.58,0.6,2024-03-13 14:00,248,0
HZ_0998,RD_058,Road Segment 58,13.097488,80.119974,debris,medium,,0.94,0.9,2024-07-07 19:00,83,0
HZ_0999,RD_035,Road Segment 35,12.941112,80.38517,waterlogging,low,,1.02,0.79,2024-02-02 14:00,70,0
HZ_1000,RD_035,Road Segment 35,12.942382,80.373284,pothole,low,21.7,3.29,0.84,2024-05-09 08:00,131,0
HZ_1001,RD_067,Road Segment 67,13.197728,80.347071,pothole,medium,25.0,3.49,0.75,2024-01-23 13:00,188,0
HZ_1002,RD_071,Road Segment 71,12.961055,80.393049,road_crack,medium,,1.31,0.87,2024-11-18 02:00,191,1
HZ_1003,RD_018,LB Road Adyar,12.991747,80.259841,speed_breaker,medium,,2.3,0.68,2024-06-16 03:00,122,0
HZ_1004,RD_074,Road Segment 74,12.998701,80.385926,oil_spill,medium,,2.86,0.72,2024-12-18 06:00,156,0
HZ_1005,RD_002,GST Road,12.981403,80.189532,pothole,low,16.2,3.64,0.86,2024-10-23 17:00,82,0
HZ_1006,RD_070,Road Segment 70,13.002089,80.382511,road_crack,medium,,0.73,0.82,2024-11-26 18:00,163,0
HZ_1007,RD_026,Road Segment 26,13.002565,80.18026,road_crack,high,,0.15,0.78,2024-06-01 09:00,241,0
HZ_1008,RD_080,Road Segment 80,12.978483,80.152527,pothole,high,16.5,3.69,0.82,2024-08-28 16:00,407,1
HZ_1009,RD_055,Road Segment 55,12.986429,80.295754,road_crack,medium,,0.45,0.95,2024-02-01 02:00,174,0
HZ_1010,RD_025,Road Segment 25,13.055596,80.333483,pothole,high,18.4,3.9,0.81,2024-06-02 08:00,400,1
HZ_1011,RD_051,Road Segment 51,12.863018,80.360629,pothole,low,17.4,1.1,0.85,2024-11-24 07:00,143,0
HZ_1012,RD_050,Road Segment 50,13.016907,80.129183,speed_breaker,low,,1.33,0.76,2024-02-16 19:00,50,1
HZ_1013,RD_021,Road Segment 21,13.067931,80.104816,pothole,low,4.0,0.41,0.75,2024-09-05 09:00,101,0
HZ_1014,RD_057,Road Segment 57,13.058752,80.165783,debris,high,,3.5,0.69,2024-10-08 21:00,151,0
HZ_1015,RD_066,Road Segment 66,13.149363,80.131618,debris,medium,,1.11,0.9,2024-12-09 09:00,61,0
HZ_1016,RD_038,Road Segment 38,13.025031,80.360943,road_crack,medium,,0.55,0.88,2024-06-03 00:00,184,0
HZ_1017,RD_050,Road Segment 50,13.021079,80.134638,road_crack,medium,,3.94,0.72,2024-02-27 17:00,157,0
HZ_1018,RD_035,Road Segment 35,12.93377,80.378924,road_collapse,low,,1.56,0.86,2024-06-26 21:00,180,0
HZ_1019,RD_001,Anna Salai (Mount Road),13.065697,80.261627,pothole,low,18.8,3.76,0.67,2024-10-17 10:00,136,1
HZ_1020,RD_041,Road Segment 41,13.029536,80.12661,pothole,medium,23.8,3.89,0.8,2024-09-22 18:00,250,0
HZ_1021,RD_038,Road Segment 38,13.0302,80.365076,road_crack,low,,2.22,0.74,2024-08-06 03:00,52,0
HZ_1022,RD_021,Road Segment 21,13.075362,80.106066,speed_breaker,medium,,1.79,0.75,2024-11-21 18:00,139,0
HZ_1023,RD_034,Road Segment 34,12.915242,80.324968,speed_breaker,medium,,1.45,0.98,2024-07-19 13:00,84,0
HZ_1024,RD_043,Road Segment 43,12.986746,80.274504,road_crack,medium,,3.85,0.85,2024-05-28 20:00,137,0
HZ_1025,RD_071,Road Segment 71,12.955276,80.384092,road_crack,low,,2.28,0.79,2024-10-22 08:00,56,1
HZ_1026,RD_031,Road Segment 31,13.139813,80.361778,waterlogging,medium,,2.97,0.89,2024-05-26 02:00,191,0
HZ_1027,RD_051,Road Segment 51,12.874341,80.363053,waterlogging,low,,0.73,0.84,2024-04-05 03:00,86,0
HZ_1028,RD_034,Road Segment 34,12.909446,80.315114,pothole,medium,2.3,1.29,0.97,2024-07-25 14:00,237,1
HZ_1029,RD_022,Road Segment 22,12.895792,80.136829,pothole,high,23.2,0.43,0.92,2024-06-12 23:00,391,0
HZ_1030,RD_022,Road Segment 22,12.899968,80.124053,pothole,medium,19.5,3.05,0.81,2024-10-02 23:00,222,1
HZ_1031,RD_043,Road Segment 43,12.981041,80.277707,road_crack,high,,0.93,0.78,2024-09-12 16:00,250,0
HZ_1032,RD_079,Road Segment 79,12.921571,80.184546,pothole,medium,15.9,0.68,0.73,2024-09-07 18:00,246,1
HZ_1033,RD_045,Road Segment 45,12.880958,80.368316,pothole,high,22.9,1.63,0.95,2024-03-24 12:00,428,0
HZ_1034,RD_067,Road Segment 67,13.199285,80.359376,speed_breaker,low,,3.52,0.87,2024-05-01 00:00,73,0
HZ_1035,RD_068,Road Segment 68,12.997384,80.239246,road_crack,medium,,1.56,0.92,2024-01-08 11:00,156,0
HZ_1036,RD_011,Velachery Main Road,12.98854,80.213851,road_collapse,low,,1.14,0.6,2024-08-18 01:00,243,1
HZ_1037,RD_080,Road Segment 80,12.980462,80.154963,pothole,low,6.0,3.34,0.8,2024-06-17 15:00,86,0
HZ_1038,RD_017,Usman Road T Nagar,13.046234,80.235985,pothole,high,7.4,3.08,0.64,2024-02-19 11:00,402,0
HZ_1039,RD_022,Road Segment 22,12.903072,80.128757,road_crack,medium,,2.18,0.64,2024-09-24 10:00,160,0
HZ_1040,RD_064,Road Segment 64,13.128342,80.132356,road_crack,medium,,2.75,0.64,2024-03-30 06:00,130,1
HZ_1041,RD_049,Road Segment 49,13.113306,80.264903,road_crack,high,,1.38,0.88,2024-10-06 01:00,271,0
HZ_1042,RD_036,Road Segment 36,13.143729,80.336065,road_collapse,high,,1.13,0.8,2024-07-25 08:00,791,0
HZ_1043,RD_039,Road Segment 39,12.892397,80.323207,oil_spill,low,,1.7,0.86,2024-03-14 08:00,35,0
HZ_1044,RD_073,Road Segment 73,12.883982,80.161948,speed_breaker,medium,,1.98,0.64,2024-07-22 12:00,109,0
HZ_1045,RD_057,Road Segment 57,13.061512,80.16964,pothole,high,7.6,0.68,0.82,2024-01-03 16:00,407,1
HZ_1046,RD_019,100 Feet Road Vadapalani,13.048332,80.208383,road_crack,low,,2.88,0.73,2024-05-29 18:00,58,1
HZ_1047,RD_049,Road Segment 49,13.124766,80.272885,pothole,medium,8.7,2.18,0.71,2024-07-20 19:00,216,0
HZ_1048,RD_057,Road Segment 57,13.053563,80.1664,pothole,low,16.8,2.93,0.85,2024-03-01 13:00,81,0
HZ_1049,RD_001,Anna Salai (Mount Road),13.076109,80.256842,pothole,low,18.9,0.59,0.68,2024-06-01 16:00,135,1
HZ_1050,RD_010,Outer Ring Road,13.001449,80.152542,waterlogging,low,,0.66,0.73,2024-03-03 01:00,88,0
HZ_1051,RD_025,Road Segment 25,13.06257,80.337269,oil_spill,medium,,0.65,0.98,2024-07-15 05:00,166,0
HZ_1052,RD_046,Road Segment 46,12.890384,80.24299,road_crack,low,,2.54,0.88,2024-04-01 22:00,62,1
HZ_1053,RD_024,Road Segment 24,12.869464,80.165868,debris,medium,,1.37,0.83,2024-12-01 16:00,65,0
HZ_1054,RD_036,Road Segment 36,13.142461,80.330983,pothole,medium,6.7,1.58,0.77,2024-07-16 22:00,224,1
HZ_1055,RD_073,Road Segment 73,12.873517,80.152843,pothole,low,6.5,3.85,0.63,2024-09-27 19:00,100,0
HZ_1056,RD_069,Road Segment 69,12.979109,80.405201,speed_breaker,low,,3.55,0.67,2024-07-18 11:00,20,1
HZ_1057,RD_060,Road Segment 60,12.899579,80.378795,pothole,low,5.8,3.34,0.86,2024-03-11 17:00,119,0
HZ_1058,RD_030,Road Segment 30,13.094579,80.118049,speed_breaker,medium,,1.87,0.64,2024-02-18 07:00,108,0
HZ_1059,RD_060,Road Segment 60,12.901861,80.381719,pothole,low,10.0,2.89,0.94,2024-09-01 05:00,110,1
HZ_1060,RD_073,Road Segment 73,12.880793,80.165347,pothole,medium,14.6,2.13,0.94,2024-08-02 14:00,200,0
HZ_1061,RD_054,Road Segment 54,13.002566,80.168099,debris,medium,,2.09,0.99,2024-12-03 15:00,106,0
HZ_1062,RD_040,Road Segment 40,12.993651,80.275441,debris,medium,,0.68,0.9,2024-11-09 01:00,109,0
HZ_1063,RD_042,Road Segment 42,13.072798,80.335619,oil_spill,high,,3.21,0.75,2024-04-18 12:00,308,0
HZ_1064,RD_031,Road Segment 31,13.144836,80.364517,debris,medium,,3.95,0.76,2024-03-09 05:00,126,0
HZ_1065,RD_031,Road Segment 31,13.148768,80.354426,speed_breaker,low,,1.0,0.91,2024-06-21 21:00,57,0
HZ_1066,RD_039,Road Segment 39,12.902325,80.328111,pothole,low,5.3,2.91,0.77,2024-02-21 16:00,133,0
HZ_1067,RD_018,LB Road Adyar,13.0016,80.246049,pothole,low,4.7,0.15,0.65,2024-01-27 12:00,83,0
HZ_1068,RD_068,Road Segment 68,12.981878,80.239539,pothole,low,13.6,3.78,0.67,2024-03-13 05:00,125,0
HZ_1069,RD_034,Road Segment 34,12.901845,80.335038,pothole,low,21.0,3.57,0.85,2024-03-08 08:00,125,1
HZ_1070,RD_063,Road Segment 63,13.199913,80.133076,road_collapse,low,,0.67,0.98,2024-01-21 11:00,216,1
HZ_1071,RD_032,Road Segment 32,13.074452,80.210962,debris,low,,3.09,0.73,2024-03-06 05:00,34,0
HZ_1072,RD_010,Outer Ring Road,13.001832,80.150559,pothole,medium,23.9,1.42,0.79,2024-03-29 09:00,194,0
HZ_1073,RD_066,Road Segment 66,13.158417,80.123628,pothole,high,1.4,2.12,0.77,2024-12-01 07:00,430,0
HZ_1074,RD_043,Road Segment 43,12.982746,80.284322,debris,medium,,2.04,0.72,2024-05-27 15:00,110,0
HZ_1075,RD_039,Road Segment 39,12.900682,80.322403,speed_breaker,high,,1.74,0.91,2024-04-11 12:00,228,0
HZ_1076,RD_040,Road Segment 40,13.001541,80.27315,pothole,low,2.1,2.95,0.68,2024-12-17 16:00,94,0
HZ_1077,RD_048,Road Segment 48,13.146425,80.198372,pothole,medium,23.5,0.8,0.96,2024-12-26 22:00,246,0
HZ_1078,RD_064,Road Segment 64,13.137675,80.130141,pothole,medium,8.6,3.98,0.93,2024-09-21 21:00,201,0
HZ_1079,RD_030,Road Segment 30,13.09732,80.110763,pothole,low,10.8,0.95,0.61,2024-12-24 04:00,95,0
HZ_1080,RD_078,Road Segment 78,13.009659,80.407415,pothole,low,3.1,1.38,0.92,2024-06-12 02:00,86,1
HZ_1081,RD_045,Road Segment 45,12.886049,80.371798,pothole,medium,13.3,1.76,0.61,2024-10-22 23:00,206,1
HZ_1082,RD_071,Road Segment 71,12.950401,80.391141,pothole,medium,7.2,1.86,0.81,2024-03-09 15:00,227,0
HZ_1083,RD_064,Road Segment 64,13.135062,80.128934,pothole,low,12.5,1.21,0.84,2024-02-20 00:00,138,0
HZ_1084,RD_007,Poonamallee High Road,13.045746,80.153591,speed_breaker,medium,,1.66,0.63,2024-08-24 23:00,93,0
HZ_1085,RD_057,Road Segment 57,13.059567,80.169564,pothole,low,17.8,3.36,0.97,2024-08-15 14:00,107,0
HZ_1086,RD_014,Nungambakkam High Road,13.054867,80.243367,pothole,medium,8.8,1.79,0.82,2024-06-28 07:00,196,0
HZ_1087,RD_001,Anna Salai (Mount Road),13.073068,80.25639,oil_spill,low,,3.18,0.63,2024-01-22 20:00,64,0
HZ_1088,RD_061,Road Segment 61,13.130678,80.157798,waterlogging,low,,1.41,0.72,2024-10-14 06:00,122,0
HZ_1089,RD_069,Road Segment 69,12.978208,80.395864,speed_breaker,low,,3.08,0.9,2024-03-03 19:00,80,0
HZ_1090,RD_006,Rajiv Gandhi Salai (IT Corridor),12.952529,80.236885,debris,low,,0.57,0.8,2024-11-05 08:00,10,0
HZ_1091,RD_008,Grand Southern Trunk Road,12.975412,80.111891,debris,low,,1.82,0.99,2024-03-20 23:00,52,1
HZ_1092,RD_062,Road Segment 62,12.97247,80.220614,speed_breaker,medium,,1.06,0.94,2024-02-02 07:00,90,0
HZ_1093,RD_064,Road Segment 64,13.12666,80.123558,pothole,low,7.9,0.44,0.9,2024-01-24 05:00,121,0
HZ_1094,RD_007,Poonamallee High Road,13.039245,80.152616,pothole,medium,12.6,0.63,0.74,2024-09-08 08:00,201,1
HZ_1095,RD_005,NH-16 (Chennai-Kolkata Highway),13.150414,80.28577,pothole,medium,21.3,1.99,0.63,2024-05-06 15:00,199,0
HZ_1096,RD_050,Road Segment 50,13.02065,80.138148,pothole,medium,15.5,0.71,0.8,2024-01-03 20:00,195,0
HZ_1097,RD_023,Road Segment 23,12.856326,80.125598,waterlogging,high,,2.53,0.81,2024-05-01 05:00,383,0
HZ_1098,RD_042,Road Segment 42,13.079495,80.3349,pothole,medium,6.0,1.36,0.76,2024-12-06 10:00,211,0
HZ_1099,RD_064,Road Segment 64,13.135539,80.132232,speed_breaker,medium,,2.38,0.96,2024-12-07 20:00,139,0
HZ_1100,RD_061,Road Segment 61,13.131173,80.148888,waterlogging,medium,,3.2,0.85,2024-08-07 16:00,190,0
HZ_1101,RD_063,Road Segment 63,13.203872,80.116213,road_crack,high,,1.24,0.9,2024-04-30 22:00,242,1
HZ_1102,RD_025,Road Segment 25,13.053357,80.338908,pothole,high,24.0,3.74,0.85,2024-11-01 15:00,395,0
HZ_1103,RD_043,Road Segment 43,12.98824,80.284142,pothole,low,15.4,2.29,0.81,2024-10-01 23:00,104,1
HZ_1104,RD_012,Sardar Patel Road,13.015662,80.214451,debris,low,,3.54,0.9,2024-12-04 00:00,57,1
HZ_1105,RD_046,Road Segment 46,12.883973,80.230319,pothole,high,13.7,2.21,0.6,2024-09-21 09:00,433,1
HZ_1106,RD_077,Road Segment 77,13.075814,80.191426,waterlogging,high,,1.02,0.75,2024-05-11 19:00,341,1
HZ_1107,RD_059,Road Segment 59,12.875852,80.175512,oil_spill,low,,1.76,0.91,2024-02-07 07:00,97,0
HZ_1108,RD_027,Road Segment 27,12.88467,80.12859,waterlogging,low,,1.68,0.8,2024-01-23 16:00,125,1
HZ_1109,RD_020,Kamarajar Salai Marina,13.049103,80.28717,pothole,low,16.1,3.67,0.89,2024-10-30 21:00,97,0
HZ_1110,RD_027,Road Segment 27,12.890055,80.130862,road_collapse,low,,0.25,0.67,2024-06-15 20:00,191,0
HZ_1111,RD_043,Road Segment 43,12.976318,80.284673,pothole,medium,12.2,2.12,0.73,2024-06-07 09:00,237,0
HZ_1112,RD_080,Road Segment 80,12.979822,80.149755,road_crack,medium,,2.92,0.71,2024-12-03 11:00,158,0
HZ_1113,RD_074,Road Segment 74,12.990585,80.382321,road_crack,low,,2.45,0.88,2024-09-25 14:00,57,0
HZ_1114,RD_051,Road Segment 51,12.868817,80.367998,pothole,low,6.6,0.89,0.67,2024-06-21 18:00,81,1
HZ_1115,RD_055,Road Segment 55,12.991401,80.29687,speed_breaker,low,,3.15,0.99,2024-01-28 05:00,73,0
HZ_1116,RD_071,Road Segment 71,12.951578,80.390352,pothole,medium,19.7,0.5,0.61,2024-07-08 16:00,191,1
HZ_1117,RD_078,Road Segment 78,13.011919,80.395505,speed_breaker,medium,,3.47,0.61,2024-10-17 03:00,137,0
HZ_1118,RD_054,Road Segment 54,12.995869,80.171392,speed_breaker,medium,,1.96,0.91,2024-05-09 08:00,117,1
HZ_1119,RD_074,Road Segment 74,12.992499,80.380046,pothole,medium,10.4,0.45,0.86,2024-03-08 02:00,235,0
HZ_1120,RD_041,Road Segment 41,13.028963,80.121798,pothole,high,9.7,1.56,0.94,2024-11-02 18:00,443,1
HZ_1121,RD_073,Road Segment 73,12.868035,80.157594,pothole,high,16.7,3.53,0.72,2024-06-24 06:00,408,1
HZ_1122,RD_013,Cathedral Road,13.065458,80.254858,waterlogging,medium,,2.17,0.87,2024-05-14 06:00,206,1
HZ_1123,RD_042,Road Segment 42,13.06442,80.330439,pothole,low,6.0,1.22,0.73,2024-02-05 20:00,125,0
HZ_1124,RD_076,Road Segment 76,13.089114,80.188833,pothole,medium,20.3,0.14,0.92,2024-07-30 05:00,224,0
HZ_1125,RD_018,LB Road Adyar,13.005248,80.256174,speed_breaker,medium,,3.89,0.89,2024-11-14 16:00,139,0
HZ_1126,RD_050,Road Segment 50,13.036552,80.125852,road_crack,medium,,2.75,0.95,2024-04-01 10:00,152,0
HZ_1127,RD_078,Road Segment 78,13.01167,80.400507,road_crack,low,,2.23,0.9,2024-04-29 22:00,32,1
HZ_1128,RD_058,Road Segment 58,13.093339,80.123158,pothole,medium,6.4,3.16,0.75,2024-12-29 12:00,227,0
HZ_1129,RD_074,Road Segment 74,12.985015,80.387867,speed_breaker,low,,3.5,0.88,2024-09-11 10:00,19,0
HZ_1130,RD_069,Road Segment 69,12.983382,80.38328,road_crack,low,,2.82,0.94,2024-10-23 00:00,37,1
HZ_1131,RD_071,Road Segment 71,12.954092,80.396006,oil_spill,low,,0.78,0.68,2024-01-19 19:00,94,0
HZ_1132,RD_065,Road Segment 65,13.016685,80.231066,speed_breaker,medium,,2.55,0.7,2024-05-03 13:00,83,1
HZ_1133,RD_043,Road Segment 43,12.985152,80.277349,speed_breaker,high,,0.95,0.88,2024-09-26 05:00,195,0
HZ_1134,RD_038,Road Segment 38,13.025374,80.364929,pothole,low,3.8,1.78,0.68,2024-11-05 08:00,141,0
HZ_1135,RD_040,Road Segment 40,12.995718,80.276474,road_crack,high,,3.53,0.83,2024-06-16 07:00,275,1
HZ_1136,RD_018,LB Road Adyar,13.005511,80.261082,road_crack,medium,,0.11,0.67,2024-08-01 20:00,134,1
HZ_1137,RD_029,Road Segment 29,13.037657,80.3485,waterlogging,medium,,1.39,0.87,2024-06-20 12:00,229,0
HZ_1138,RD_028,Road Segment 28,13.137302,80.329166,pothole,low,11.5,0.89,0.75,2024-07-20 23:00,137,0
HZ_1139,RD_011,Velachery Main Road,12.978271,80.223888,pothole,low,16.6,3.17,0.87,2024-02-23 13:00,112,1
HZ_1140,RD_036,Road Segment 36,13.15058,80.330075,waterlogging,low,,2.14,0.82,2024-06-12 09:00,89,0
HZ_1141,RD_020,Kamarajar Salai Marina,13.064544,80.281928,pothole,high,13.9,3.19,0.82,2024-10-08 03:00,412,0
HZ_1142,RD_077,Road Segment 77,13.091503,80.192621,debris,medium,,2.6,0.64,2024-02-28 10:00,106,1
HZ_1143,RD_045,Road Segment 45,12.888837,80.360643,debris,low,,2.37,0.6,2024-10-14 09:00,51,0
HZ_1144,RD_079,Road Segment 79,12.922554,80.17594,road_crack,low,,1.08,0.77,2024-12-28 00:00,32,0
HZ_1145,RD_072,Road Segment 72,12.866242,80.276502,speed_breaker,medium,,1.14,0.63,2024-03-22 11:00,143,0
HZ_1146,RD_048,Road Segment 48,13.162665,80.183897,pothole,low,15.4,3.07,0.82,2024-12-08 05:00,129,1
HZ_1147,RD_029,Road Segment 29,13.045901,80.350977,waterlogging,medium,,2.67,0.95,2024-01-05 09:00,183,0
HZ_1148,RD_072,Road Segment 72,12.872414,80.279182,pothole,high,5.9,1.74,0.8,2024-03-14 01:00,441,0
HZ_1149,RD_030,Road Segment 30,13.088439,80.110224,road_crack,high,,1.35,0.67,2024-03-25 00:00,242,1
HZ_1150,RD_077,Road Segment 77,13.083127,80.185072,pothole,low,7.2,2.82,0.91,2024-01-11 10:00,125,1
HZ_1151,RD_052,Road Segment 52,13.022472,80.1173,road_crack,low,,1.76,0.88,2024-02-06 12:00,70,0
HZ_1152,RD_062,Road Segment 62,12.975088,80.220995,pothole,high,12.5,3.3,0.83,2024-03-16 14:00,421,0
HZ_1153,RD_028,Road Segment 28,13.126085,80.313299,road_crack,medium,,2.23,0.78,2024-01-09 03:00,152,1
HZ_1154,RD_013,Cathedral Road,13.058374,80.253886,speed_breaker,low,,1.59,0.7,2024-08-04 14:00,54,0
HZ_1155,RD_058,Road Segment 58,13.097594,80.114776,road_crack,medium,,3.97,0.61,2024-02-07 00:00,150,0
HZ_1156,RD_070,Road Segment 70,13.002133,80.38604,road_crack,low,,2.23,0.74,2024-02-25 13:00,79,1
HZ_1157,RD_073,Road Segment 73,12.875261,80.161207,pothole,low,17.2,1.08,0.74,2024-08-13 19:00,89,0
HZ_1158,RD_001,Anna Salai (Mount Road),13.072809,80.25572,debris,low,,0.89,0.73,2024-03-23 13:00,56,1
HZ_1159,RD_039,Road Segment 39,12.898513,80.324414,speed_breaker,low,,0.98,0.94,2024-05-20 20:00,66,1
HZ_1160,RD_068,Road Segment 68,12.987134,80.243131,road_collapse,medium,,2.34,0.67,2024-02-02 07:00,497,0
HZ_1161,RD_001,Anna Salai (Mount Road),13.069298,80.251138,road_crack,low,,1.63,0.76,2024-11-17 00:00,80,1
HZ_1162,RD_019,100 Feet Road Vadapalani,13.051473,80.20564,speed_breaker,medium,,0.2,0.95,2024-06-28 01:00,82,1
HZ_1163,RD_012,Sardar Patel Road,12.99777,80.222321,speed_breaker,low,,3.65,0.9,2024-12-10 22:00,53,0
HZ_1164,RD_049,Road Segment 49,13.114692,80.258112,pothole,medium,19.1,3.65,0.77,2024-08-12 13:00,191,0
HZ_1165,RD_024,Road Segment 24,12.85269,80.163576,pothole,low,24.4,2.08,0.97,2024-02-07 10:00,149,0
HZ_1166,RD_012,Sardar Patel Road,13.011523,80.218993,debris,low,,3.88,0.95,2024-02-14 01:00,9,0
HZ_1167,RD_026,Road Segment 26,13.005499,80.177129,pothole,high,17.0,1.1,0.87,2024-04-26 05:00,440,1
HZ_1168,RD_035,Road Segment 35,12.962016,80.380022,road_crack,medium,,2.52,0.78,2024-02-03 08:00,130,1
HZ_1169,RD_021,Road Segment 21,13.084126,80.112593,speed_breaker,medium,,2.29,0.93,2024-05-03 16:00,86,0
HZ_1170,RD_012,Sardar Patel Road,13.014164,80.226058,speed_breaker,high,,1.39,0.88,2024-10-17 12:00,199,0
HZ_1171,RD_055,Road Segment 55,12.988419,80.297602,oil_spill,medium,,0.73,0.94,2024-08-15 04:00,162,1
HZ_1172,RD_019,100 Feet Road Vadapalani,13.039605,80.210966,road_collapse,high,,2.71,0.65,2024-08-08 20:00,820,0
HZ_1173,RD_015,Arcot Road,13.054926,80.213586,oil_spill,medium,,2.39,0.63,2024-11-21 13:00,177,0
HZ_1174,RD_062,Road Segment 62,12.974151,80.227077,pothole,medium,18.0,1.78,0.77,2024-03-20 23:00,206,1
HZ_1175,RD_001,Anna Salai (Mount Road),13.064051,80.248067,pothole,low,6.8,3.88,0.78,2024-02-02 15:00,86,0
HZ_1176,RD_064,Road Segment 64,13.131812,80.142196,road_crack,medium,,2.16,0.95,2024-10-01 02:00,180,0
HZ_1177,RD_053,Road Segment 53,13.019959,80.266877,pothole,low,5.1,0.78,0.77,2024-10-27 01:00,126,0
HZ_1178,RD_074,Road Segment 74,12.990882,80.381249,debris,low,,1.48,0.96,2024-09-09 03:00,29,0
HZ_1179,RD_058,Road Segment 58,13.096028,80.12502,pothole,medium,18.0,3.03,0.68,2024-12-02 04:00,181,0
HZ_1180,RD_024,Road Segment 24,12.858145,80.156633,pothole,medium,24.2,2.04,0.67,2024-01-08 03:00,245,0
HZ_1181,RD_021,Road Segment 21,13.075703,80.10687,road_crack,high,,3.35,0.66,2024-05-13 19:00,248,0
HZ_1182,RD_068,Road Segment 68,12.996529,80.252936,pothole,low,21.3,3.24,0.75,2024-06-07 15:00,109,1
HZ_1183,RD_016,Patel Road T Nagar,13.04237,80.236112,pothole,medium,13.0,1.25,0.76,2024-10-01 16:00,232,0
HZ_1184,RD_031,Road Segment 31,13.140464,80.359557,speed_breaker,medium,,3.64,0.75,2024-02-12 05:00,121,1
HZ_1185,RD_031,Road Segment 31,13.154655,80.361473,pothole,low,7.1,2.32,0.68,2024-02-09 08:00,124,1
HZ_1186,RD_063,Road Segment 63,13.198523,80.116903,pothole,low,5.3,0.75,0.92,2024-10-16 04:00,117,0
HZ_1187,RD_003,OMR (Old Mahabalipuram Road),12.919047,80.225078,pothole,low,1.2,3.24,0.76,2024-10-11 00:00,128,1
HZ_1188,RD_035,Road Segment 35,12.941005,80.367084,pothole,medium,22.1,0.29,0.81,2024-03-10 17:00,223,1
HZ_1189,RD_043,Road Segment 43,12.982813,80.279411,pothole,low,12.1,0.57,0.64,2024-02-24 04:00,87,1
HZ_1190,RD_072,Road Segment 72,12.866318,80.277534,speed_breaker,low,,0.59,0.71,2024-05-12 01:00,13,0
HZ_1191,RD_050,Road Segment 50,13.02249,80.134365,speed_breaker,medium,,1.96,0.85,2024-12-22 15:00,112,1
HZ_1192,RD_051,Road Segment 51,12.877564,80.358124,speed_breaker,low,,0.76,0.68,2024-12-24 02:00,62,0
HZ_1193,RD_010,Outer Ring Road,13.007439,80.148367,speed_breaker,low,,1.11,0.65,2024-02-29 06:00,77,1
HZ_1194,RD_078,Road Segment 78,13.009478,80.394558,waterlogging,high,,2.71,0.83,2024-08-16 09:00,352,0
HZ_1195,RD_072,Road Segment 72,12.87616,80.285192,pothole,medium,22.3,2.02,0.75,2024-01-11 17:00,190,0
HZ_1196,RD_031,Road Segment 31,13.145529,80.357483,speed_breaker,medium,,1.92,0.63,2024-02-14 14:00,116,1
HZ_1197,RD_074,Road Segment 74,12.995686,80.378322,road_crack,low,,3.44,0.98,2024-04-17 09:00,70,0
HZ_1198,RD_023,Road Segment 23,12.858108,80.128958,speed_breaker,medium,,0.72,0.74,2024-03-04 23:00,131,0
HZ_1199,RD_069,Road Segment 69,12.984647,80.397713,road_crack,medium,,1.4,0.83,2024-06-15 02:00,155,0
